state,abbreviation,name,price,date
Alaska,AK,Aleutians East,,2025-11-15
Alaska,AK,Aleutians West,,2025-11-15
Alaska,AK,Anchorage,$3.963,2025-11-15
Alaska,AK,Bethel,,2025-11-15
Alaska,AK,Bristol Bay,,2025-11-15
Alaska,AK,Denali,$3.632,2025-11-15
Alaska,AK,Dillingham,,2025-11-15
Alaska,AK,Fairbanks North Star,$3.641,2025-11-15
Alaska,AK,Haines,$4.699,2025-11-15
Alaska,AK,Juneau,$3.738,2025-11-15
Alaska,AK,Kenai Peninsula,$3.744,2025-11-15
Alaska,AK,Ketchikan Gateway,$3.782,2025-11-15
Alaska,AK,Kodiak Island,$3.539,2025-11-15
Alaska,AK,Matanuska Susitna,$3.513,2025-11-15
Alaska,AK,Nome,,2025-11-15
Alaska,AK,North Slope,,2025-11-15
Alaska,AK,Northwest Arctic,,2025-11-15
Alaska,AK,Lake and Peninsula,,2025-11-15
Alaska,AK,Prince Wales Ketchikan,$4.759,2025-11-15
Alaska,AK,Sitka,$4.089,2025-11-15
Alaska,AK,Skagway Hoonah Angoon,,2025-11-15
Alaska,AK,Southeast Fairbanks,$3.718,2025-11-15
Alaska,AK,Valdez Cordova,$4.181,2025-11-15
Alaska,AK,Wade Hampton,,2025-11-15
Alaska,AK,Wrangell Petersburg,$4.229,2025-11-15
Alaska,AK,Yakutat,,2025-11-15
Alaska,AK,Yukon Koyukuk,$3.709,2025-11-15
Arizona,AZ,Apache,$3.115,2025-11-15
Arizona,AZ,Cochise,$3.080,2025-11-15
Arizona,AZ,Coconino,$3.216,2025-11-15
Arizona,AZ,Gila,$3.200,2025-11-15
Arizona,AZ,Graham,$3.254,2025-11-15
Arizona,AZ,Greenlee,$2.934,2025-11-15
Arizona,AZ,La Paz,$3.052,2025-11-15
Arizona,AZ,Maricopa,$3.577,2025-11-15
Arizona,AZ,Mohave,$3.270,2025-11-15
Arizona,AZ,Navajo,$3.074,2025-11-15
Arizona,AZ,Pima,$3.065,2025-11-15
Arizona,AZ,Pinal,$3.204,2025-11-15
Arizona,AZ,Santa Cruz,$3.139,2025-11-15
Arizona,AZ,Yavapai,$3.125,2025-11-15
Arizona,AZ,Yuma,$3.162,2025-11-15
California,CA,Alameda,$4.537,2025-11-15
California,CA,Alpine,,2025-11-15
California,CA,Amador,$4.457,2025-11-15
California,CA,Butte,$4.320,2025-11-15
California,CA,Calaveras,$4.517,2025-11-15
California,CA,Colusa,$4.530,2025-11-15
California,CA,Contra Costa,$4.558,2025-11-15
California,CA,Del Norte,$4.782,2025-11-15
California,CA,El Dorado,$4.653,2025-11-15
California,CA,Fresno,$4.512,2025-11-15
California,CA,Glenn,$4.532,2025-11-15
California,CA,Humboldt,$5.080,2025-11-15
California,CA,Imperial,$4.582,2025-11-15
California,CA,Inyo,$5.045,2025-11-15
California,CA,Kern,$4.627,2025-11-15
California,CA,Kings,$4.371,2025-11-15
California,CA,Lake,$4.371,2025-11-15
California,CA,Lassen,$4.712,2025-11-15
California,CA,Los Angeles,$4.835,2025-11-15
California,CA,Madera,$4.559,2025-11-15
California,CA,Marin,$4.622,2025-11-15
California,CA,Mariposa,$4.662,2025-11-15
California,CA,Mendocino,$4.745,2025-11-15
California,CA,Merced,$4.437,2025-11-15
California,CA,Modoc,$4.631,2025-11-15
California,CA,Mono,$5.878,2025-11-15
California,CA,Monterey,$4.644,2025-11-15
California,CA,Napa,$4.723,2025-11-15
California,CA,Nevada,$4.993,2025-11-15
California,CA,Orange,$4.780,2025-11-15
California,CA,Placer,$4.576,2025-11-15
California,CA,Plumas,$4.769,2025-11-15
California,CA,Riverside,$4.701,2025-11-15
California,CA,Sacramento,$4.424,2025-11-15
California,CA,San Benito,$4.666,2025-11-15
California,CA,San Bernardino,$4.692,2025-11-15
California,CA,San Diego,$4.888,2025-11-15
California,CA,San Francisco,$4.607,2025-11-15
California,CA,San Joaquin,$4.362,2025-11-15
California,CA,San Luis Obispo,$4.860,2025-11-15
California,CA,San Mateo,$4.667,2025-11-15
California,CA,Santa Barbara,$4.746,2025-11-15
California,CA,Santa Clara,$4.456,2025-11-15
California,CA,Santa Cruz,$4.614,2025-11-15
California,CA,Shasta,$4.339,2025-11-15
California,CA,Sierra,$5.099,2025-11-15
California,CA,Siskiyou,$4.749,2025-11-15
California,CA,Solano,$4.506,2025-11-15
California,CA,Sonoma,$4.684,2025-11-15
California,CA,Stanislaus,$4.334,2025-11-15
California,CA,Sutter,$4.271,2025-11-15
California,CA,Tehama,$4.288,2025-11-15
California,CA,Trinity,$5.139,2025-11-15
California,CA,Tulare,$4.494,2025-11-15
California,CA,Tuolumne,$4.441,2025-11-15
California,CA,Ventura,$4.842,2025-11-15
California,CA,Yolo,$4.499,2025-11-15
California,CA,Yuba,$4.237,2025-11-15
Colorado,CO,Adams,$2.656,2025-11-15
Colorado,CO,Alamosa,$3.075,2025-11-15
Colorado,CO,Arapahoe,$2.676,2025-11-15
Colorado,CO,Archuleta,$3.000,2025-11-15
Colorado,CO,Baca,$2.959,2025-11-15
Colorado,CO,Bent,$2.946,2025-11-15
Colorado,CO,Boulder,$2.842,2025-11-15
Colorado,CO,Broomfield,$2.624,2025-11-15
Colorado,CO,Chaffee,$3.320,2025-11-15
Colorado,CO,Cheyenne,$2.912,2025-11-15
Colorado,CO,Clear Creek,$2.942,2025-11-15
Colorado,CO,Conejos,$3.046,2025-11-15
Colorado,CO,Costilla,$2.969,2025-11-15
Colorado,CO,Crowley,$2.984,2025-11-15
Colorado,CO,Custer,$2.986,2025-11-15
Colorado,CO,Delta,$2.962,2025-11-15
Colorado,CO,Denver,$2.736,2025-11-15
Colorado,CO,Dolores,$3.312,2025-11-15
Colorado,CO,Douglas,$2.784,2025-11-15
Colorado,CO,Eagle,$3.413,2025-11-15
Colorado,CO,El Paso,$2.677,2025-11-15
Colorado,CO,Elbert,$2.907,2025-11-15
Colorado,CO,Fremont,$2.772,2025-11-15
Colorado,CO,Garfield,$3.248,2025-11-15
Colorado,CO,Gilpin,$3.469,2025-11-15
Colorado,CO,Grand,$3.171,2025-11-15
Colorado,CO,Gunnison,$3.139,2025-11-15
Colorado,CO,Hinsdale,,2025-11-15
Colorado,CO,Huerfano,$3.037,2025-11-15
Colorado,CO,Jackson,$3.499,2025-11-15
Colorado,CO,Jefferson,$2.736,2025-11-15
Colorado,CO,Kiowa,$2.892,2025-11-15
Colorado,CO,Kit Carson,$2.868,2025-11-15
Colorado,CO,La Plata,$2.956,2025-11-15
Colorado,CO,Lake,$3.279,2025-11-15
Colorado,CO,Larimer,$2.768,2025-11-15
Colorado,CO,Las Animas,$2.904,2025-11-15
Colorado,CO,Lincoln,$2.909,2025-11-15
Colorado,CO,Logan,$3.052,2025-11-15
Colorado,CO,Mesa,$2.980,2025-11-15
Colorado,CO,Mineral,$3.399,2025-11-15
Colorado,CO,Moffat,$3.297,2025-11-15
Colorado,CO,Montezuma,$3.000,2025-11-15
Colorado,CO,Montrose,$3.022,2025-11-15
Colorado,CO,Morgan,$2.874,2025-11-15
Colorado,CO,Otero,$2.962,2025-11-15
Colorado,CO,Ouray,$3.254,2025-11-15
Colorado,CO,Park,$3.332,2025-11-15
Colorado,CO,Phillips,$3.471,2025-11-15
Colorado,CO,Pitkin,$4.409,2025-11-15
Colorado,CO,Prowers,$2.857,2025-11-15
Colorado,CO,Pueblo,$2.725,2025-11-15
Colorado,CO,Rio Blanco,$3.492,2025-11-15
Colorado,CO,Rio Grande,$3.067,2025-11-15
Colorado,CO,Routt,$3.707,2025-11-15
Colorado,CO,Saguache,$3.274,2025-11-15
Colorado,CO,San Juan,$3.299,2025-11-15
Colorado,CO,San Miguel,$3.536,2025-11-15
Colorado,CO,Sedgwick,$2.982,2025-11-15
Colorado,CO,Summit,$2.900,2025-11-15
Colorado,CO,Teller,$2.887,2025-11-15
Colorado,CO,Washington,$2.979,2025-11-15
Colorado,CO,Weld,$2.665,2025-11-15
Colorado,CO,Yuma,$3.093,2025-11-15
Connecticut,CT,Fairfield,$3.178,2025-11-15
Connecticut,CT,Hartford,$3.066,2025-11-15
Connecticut,CT,Litchfield,$3.056,2025-11-15
Connecticut,CT,Middlesex,$3.043,2025-11-15
Connecticut,CT,New Haven,$3.041,2025-11-15
Connecticut,CT,New London,$3.039,2025-11-15
Connecticut,CT,Tolland,$3.039,2025-11-15
Connecticut,CT,Windham,$3.099,2025-11-15
Florida,FL,Alachua,$2.985,2025-11-15
Florida,FL,Baker,$2.948,2025-11-15
Florida,FL,Bay,$2.767,2025-11-15
Florida,FL,Bradford,$2.895,2025-11-15
Florida,FL,Brevard,$2.919,2025-11-15
Florida,FL,Broward,$2.955,2025-11-15
Florida,FL,Calhoun,$2.899,2025-11-15
Florida,FL,Charlotte,$2.882,2025-11-15
Florida,FL,Citrus,$2.920,2025-11-15
Florida,FL,Clay,$2.934,2025-11-15
Florida,FL,Collier,$2.980,2025-11-15
Florida,FL,Columbia,$2.930,2025-11-15
Florida,FL,De Soto,$2.963,2025-11-15
Florida,FL,Dixie,$2.915,2025-11-15
Florida,FL,Duval,$2.918,2025-11-15
Florida,FL,Escambia,$2.741,2025-11-15
Florida,FL,Flagler,$2.965,2025-11-15
Florida,FL,Franklin,$2.931,2025-11-15
Florida,FL,Gadsden,$2.831,2025-11-15
Florida,FL,Gilchrist,$2.946,2025-11-15
Florida,FL,Glades,$2.994,2025-11-15
Florida,FL,Gulf,$2.906,2025-11-15
Florida,FL,Hamilton,$2.984,2025-11-15
Florida,FL,Hardee,$2.969,2025-11-15
Florida,FL,Hendry,$3.008,2025-11-15
Florida,FL,Hernando,$2.889,2025-11-15
Florida,FL,Highlands,$2.933,2025-11-15
Florida,FL,Hillsborough,$2.925,2025-11-15
Florida,FL,Holmes,$2.893,2025-11-15
Florida,FL,Indian River,$2.908,2025-11-15
Florida,FL,Jackson,$2.840,2025-11-15
Florida,FL,Jefferson,$3.032,2025-11-15
Florida,FL,Lafayette,$2.999,2025-11-15
Florida,FL,Lake,$2.897,2025-11-15
Florida,FL,Lee,$2.931,2025-11-15
Florida,FL,Leon,$2.773,2025-11-15
Florida,FL,Levy,$3.011,2025-11-15
Florida,FL,Liberty,$2.898,2025-11-15
Florida,FL,Madison,$2.970,2025-11-15
Florida,FL,Manatee,$2.909,2025-11-15
Florida,FL,Marion,$2.942,2025-11-15
Florida,FL,Martin,$2.975,2025-11-15
Florida,FL,Miami Dade,$3.161,2025-11-15
Florida,FL,Monroe,$3.154,2025-11-15
Florida,FL,Nassau,$2.940,2025-11-15
Florida,FL,Okaloosa,$2.730,2025-11-15
Florida,FL,Okeechobee,$2.950,2025-11-15
Florida,FL,Orange,$2.956,2025-11-15
Florida,FL,Osceola,$2.949,2025-11-15
Florida,FL,Palm Beach,$3.088,2025-11-15
Florida,FL,Pasco,$2.903,2025-11-15
Florida,FL,Pinellas,$2.917,2025-11-15
Florida,FL,Polk,$2.925,2025-11-15
Florida,FL,Putnam,$2.889,2025-11-15
Florida,FL,Santa Rosa,$2.740,2025-11-15
Florida,FL,Sarasota,$2.912,2025-11-15
Florida,FL,Seminole,$2.955,2025-11-15
Florida,FL,Saint Johns,$2.914,2025-11-15
Florida,FL,Saint Lucie,$2.952,2025-11-15
Florida,FL,Sumter,$2.910,2025-11-15
Florida,FL,Suwannee,$3.018,2025-11-15
Florida,FL,Taylor,$2.950,2025-11-15
Florida,FL,Union,$2.994,2025-11-15
Florida,FL,Volusia,$2.945,2025-11-15
Florida,FL,Wakulla,$2.797,2025-11-15
Florida,FL,Walton,$2.802,2025-11-15
Florida,FL,Washington,$2.899,2025-11-15
Hawaii,HI,Hawaii,$4.634,2025-11-15
Hawaii,HI,Honolulu,$4.397,2025-11-15
Hawaii,HI,Kalawao,,2025-11-15
Hawaii,HI,Kauai,$4.969,2025-11-15
Hawaii,HI,Maui,$4.505,2025-11-15
Idaho,ID,Ada,$3.407,2025-11-15
Idaho,ID,Adams,$3.542,2025-11-15
Idaho,ID,Bannock,$3.265,2025-11-15
Idaho,ID,Bear Lake,$3.327,2025-11-15
Idaho,ID,Benewah,$2.974,2025-11-15
Idaho,ID,Bingham,$3.231,2025-11-15
Idaho,ID,Blaine,$3.703,2025-11-15
Idaho,ID,Boise,$3.499,2025-11-15
Idaho,ID,Bonner,$3.255,2025-11-15
Idaho,ID,Bonneville,$3.179,2025-11-15
Idaho,ID,Boundary,$3.008,2025-11-15
Idaho,ID,Butte,$3.336,2025-11-15
Idaho,ID,Camas,$3.499,2025-11-15
Idaho,ID,Canyon,$3.319,2025-11-15
Idaho,ID,Caribou,$3.285,2025-11-15
Idaho,ID,Cassia,$3.300,2025-11-15
Idaho,ID,Clark,$3.599,2025-11-15
Idaho,ID,Clearwater,$3.099,2025-11-15
Idaho,ID,Custer,$3.369,2025-11-15
Idaho,ID,Elmore,$3.326,2025-11-15
Idaho,ID,Franklin,$3.152,2025-11-15
Idaho,ID,Fremont,$3.683,2025-11-15
Idaho,ID,Gem,$3.413,2025-11-15
Idaho,ID,Gooding,$3.371,2025-11-15
Idaho,ID,Idaho,$3.291,2025-11-15
Idaho,ID,Jefferson,$3.298,2025-11-15
Idaho,ID,Jerome,$3.334,2025-11-15
Idaho,ID,Kootenai,$3.173,2025-11-15
Idaho,ID,Latah,$3.234,2025-11-15
Idaho,ID,Lemhi,$3.115,2025-11-15
Idaho,ID,Lewis,$3.071,2025-11-15
Idaho,ID,Lincoln,$3.349,2025-11-15
Idaho,ID,Madison,$3.246,2025-11-15
Idaho,ID,Minidoka,$3.256,2025-11-15
Idaho,ID,Nez perce,$3.132,2025-11-15
Idaho,ID,Oneida,$3.289,2025-11-15
Idaho,ID,Owyhee,$3.391,2025-11-15
Idaho,ID,Payette,$3.443,2025-11-15
Idaho,ID,Power,$3.319,2025-11-15
Idaho,ID,Shoshone,$3.717,2025-11-15
Idaho,ID,Teton,$3.482,2025-11-15
Idaho,ID,Twin falls,$3.319,2025-11-15
Idaho,ID,Valley,$3.656,2025-11-15
Idaho,ID,Washington,$3.451,2025-11-15
Indiana,IN,Adams,$3.042,2025-11-15
Indiana,IN,Allen,$3.120,2025-11-15
Indiana,IN,Bartholomew,$3.137,2025-11-15
Indiana,IN,Benton,$3.146,2025-11-15
Indiana,IN,Blackford,$3.030,2025-11-15
Indiana,IN,Boone,$3.054,2025-11-15
Indiana,IN,Brown,$3.171,2025-11-15
Indiana,IN,Carroll,$3.189,2025-11-15
Indiana,IN,Cass,$3.096,2025-11-15
Indiana,IN,Clark,$2.889,2025-11-15
Indiana,IN,Clay,$3.047,2025-11-15
Indiana,IN,Clinton,$3.096,2025-11-15
Indiana,IN,Crawford,$3.009,2025-11-15
Indiana,IN,Daviess,$2.734,2025-11-15
Indiana,IN,De Kalb,$3.171,2025-11-15
Indiana,IN,Dearborn,$3.068,2025-11-15
Indiana,IN,Decatur,$3.093,2025-11-15
Indiana,IN,Delaware,$2.990,2025-11-15
Indiana,IN,Dubois,$2.824,2025-11-15
Indiana,IN,Elkhart,$3.109,2025-11-15
Indiana,IN,Fayette,$3.074,2025-11-15
Indiana,IN,Floyd,$2.879,2025-11-15
Indiana,IN,Fountain,$2.916,2025-11-15
Indiana,IN,Franklin,$3.052,2025-11-15
Indiana,IN,Fulton,$3.072,2025-11-15
Indiana,IN,Gibson,$2.913,2025-11-15
Indiana,IN,Grant,$3.100,2025-11-15
Indiana,IN,Greene,$2.906,2025-11-15
Indiana,IN,Hamilton,$2.982,2025-11-15
Indiana,IN,Hancock,$3.058,2025-11-15
Indiana,IN,Harrison,$2.910,2025-11-15
Indiana,IN,Hendricks,$2.978,2025-11-15
Indiana,IN,Henry,$3.065,2025-11-15
Indiana,IN,Howard,$3.082,2025-11-15
Indiana,IN,Huntington,$3.119,2025-11-15
Indiana,IN,Jackson,$3.007,2025-11-15
Indiana,IN,Jasper,$3.058,2025-11-15
Indiana,IN,Jay,$3.030,2025-11-15
Indiana,IN,Jefferson,$3.018,2025-11-15
Indiana,IN,Jennings,$3.144,2025-11-15
Indiana,IN,Johnson,$3.092,2025-11-15
Indiana,IN,Knox,$2.887,2025-11-15
Indiana,IN,Kosciusko,$3.132,2025-11-15
Indiana,IN,La Porte,$3.119,2025-11-15
Indiana,IN,Lagrange,$3.084,2025-11-15
Indiana,IN,Lake,$3.074,2025-11-15
Indiana,IN,Lawrence,$2.999,2025-11-15
Indiana,IN,Madison,$2.976,2025-11-15
Indiana,IN,Marion,$3.073,2025-11-15
Indiana,IN,Marshall,$3.075,2025-11-15
Indiana,IN,Martin,$2.819,2025-11-15
Indiana,IN,Miami,$2.885,2025-11-15
Indiana,IN,Monroe,$3.140,2025-11-15
Indiana,IN,Montgomery,$3.123,2025-11-15
Indiana,IN,Morgan,$3.011,2025-11-15
Indiana,IN,Newton,$2.960,2025-11-15
Indiana,IN,Noble,$3.081,2025-11-15
Indiana,IN,Ohio,$2.986,2025-11-15
Indiana,IN,Orange,$2.865,2025-11-15
Indiana,IN,Owen,$3.176,2025-11-15
Indiana,IN,Parke,$3.049,2025-11-15
Indiana,IN,Perry,$2.798,2025-11-15
Indiana,IN,Pike,$2.882,2025-11-15
Indiana,IN,Porter,$3.114,2025-11-15
Indiana,IN,Posey,$2.849,2025-11-15
Indiana,IN,Pulaski,$3.166,2025-11-15
Indiana,IN,Putnam,$3.108,2025-11-15
Indiana,IN,Randolph,$3.041,2025-11-15
Indiana,IN,Ripley,$2.962,2025-11-15
Indiana,IN,Rush,$3.110,2025-11-15
Indiana,IN,Scott,$2.860,2025-11-15
Indiana,IN,Shelby,$3.154,2025-11-15
Indiana,IN,Spencer,$2.892,2025-11-15
Indiana,IN,Saint Joseph,,2025-11-15
Indiana,IN,Starke,$3.010,2025-11-15
Indiana,IN,Steuben,$3.132,2025-11-15
Indiana,IN,Sullivan,$2.933,2025-11-15
Indiana,IN,Switzerland,$2.971,2025-11-15
Indiana,IN,Tippecanoe,$3.158,2025-11-15
Indiana,IN,Tipton,$3.096,2025-11-15
Indiana,IN,Union,$3.099,2025-11-15
Indiana,IN,Vanderburgh,$2.773,2025-11-15
Indiana,IN,Vermillion,$3.004,2025-11-15
Indiana,IN,Vigo,$3.016,2025-11-15
Indiana,IN,Wabash,$3.058,2025-11-15
Indiana,IN,Warren,$2.886,2025-11-15
Indiana,IN,Warrick,$2.809,2025-11-15
Indiana,IN,Washington,$2.763,2025-11-15
Indiana,IN,Wayne,$3.120,2025-11-15
Indiana,IN,Wells,$3.106,2025-11-15
Indiana,IN,White,$3.138,2025-11-15
Indiana,IN,Whitley,$3.142,2025-11-15
Iowa,IA,Adair,$2.789,2025-11-15
Iowa,IA,Adams,$2.769,2025-11-15
Iowa,IA,Allamakee,$2.962,2025-11-15
Iowa,IA,Appanoose,$2.725,2025-11-15
Iowa,IA,Audubon,$2.686,2025-11-15
Iowa,IA,Benton,$2.786,2025-11-15
Iowa,IA,Black Hawk,$2.704,2025-11-15
Iowa,IA,Boone,$2.534,2025-11-15
Iowa,IA,Bremer,$2.899,2025-11-15
Iowa,IA,Buchanan,$2.837,2025-11-15
Iowa,IA,Buena Vista,$2.606,2025-11-15
Iowa,IA,Butler,$2.789,2025-11-15
Iowa,IA,Calhoun,$2.811,2025-11-15
Iowa,IA,Carroll,$2.884,2025-11-15
Iowa,IA,Cass,$2.656,2025-11-15
Iowa,IA,Cedar,$2.833,2025-11-15
Iowa,IA,Cerro Gordo,$2.622,2025-11-15
Iowa,IA,Cherokee,$2.683,2025-11-15
Iowa,IA,Chickasaw,$2.880,2025-11-15
Iowa,IA,Clarke,$2.832,2025-11-15
Iowa,IA,Clay,$2.760,2025-11-15
Iowa,IA,Clayton,$2.948,2025-11-15
Iowa,IA,Clinton,$2.687,2025-11-15
Iowa,IA,Crawford,$2.778,2025-11-15
Iowa,IA,Dallas,$2.580,2025-11-15
Iowa,IA,Davis,$2.834,2025-11-15
Iowa,IA,Decatur,$2.766,2025-11-15
Iowa,IA,Delaware,$2.930,2025-11-15
Iowa,IA,Des Moines,$2.672,2025-11-15
Iowa,IA,Dickinson,$2.630,2025-11-15
Iowa,IA,Dubuque,$2.872,2025-11-15
Iowa,IA,Emmet,$2.799,2025-11-15
Iowa,IA,Fayette,$2.823,2025-11-15
Iowa,IA,Floyd,$2.799,2025-11-15
Iowa,IA,Franklin,$2.801,2025-11-15
Iowa,IA,Fremont,$2.659,2025-11-15
Iowa,IA,Greene,$2.856,2025-11-15
Iowa,IA,Grundy,$2.790,2025-11-15
Iowa,IA,Guthrie,$2.728,2025-11-15
Iowa,IA,Hamilton,$2.831,2025-11-15
Iowa,IA,Hancock,$2.757,2025-11-15
Iowa,IA,Hardin,$2.838,2025-11-15
Iowa,IA,Harrison,$2.685,2025-11-15
Iowa,IA,Henry,$2.614,2025-11-15
Iowa,IA,Howard,$2.892,2025-11-15
Iowa,IA,Humboldt,$2.805,2025-11-15
Iowa,IA,Ida,$2.682,2025-11-15
Iowa,IA,Iowa,$2.687,2025-11-15
Iowa,IA,Jackson,$2.929,2025-11-15
Iowa,IA,Jasper,$2.630,2025-11-15
Iowa,IA,Jefferson,$2.742,2025-11-15
Iowa,IA,Johnson,$2.851,2025-11-15
Iowa,IA,Jones,$2.902,2025-11-15
Iowa,IA,Keokuk,$2.726,2025-11-15
Iowa,IA,Kossuth,$2.877,2025-11-15
Iowa,IA,Lee,$2.591,2025-11-15
Iowa,IA,Linn,$2.661,2025-11-15
Iowa,IA,Louisa,$2.833,2025-11-15
Iowa,IA,Lucas,$2.749,2025-11-15
Iowa,IA,Lyon,$2.893,2025-11-15
Iowa,IA,Madison,$2.771,2025-11-15
Iowa,IA,Mahaska,$2.568,2025-11-15
Iowa,IA,Marion,$2.771,2025-11-15
Iowa,IA,Marshall,$2.849,2025-11-15
Iowa,IA,Mills,$2.789,2025-11-15
Iowa,IA,Mitchell,$2.901,2025-11-15
Iowa,IA,Monona,$2.704,2025-11-15
Iowa,IA,Monroe,$2.667,2025-11-15
Iowa,IA,Montgomery,$2.724,2025-11-15
Iowa,IA,Muscatine,$2.719,2025-11-15
Iowa,IA,O'Brien,,2025-11-15
Iowa,IA,Osceola,$2.793,2025-11-15
Iowa,IA,Page,$2.618,2025-11-15
Iowa,IA,Palo Alto,$2.767,2025-11-15
Iowa,IA,Plymouth,$2.717,2025-11-15
Iowa,IA,Pocahontas,$2.685,2025-11-15
Iowa,IA,Polk,$2.622,2025-11-15
Iowa,IA,Pottawattamie,$2.636,2025-11-15
Iowa,IA,Poweshiek,$2.823,2025-11-15
Iowa,IA,Ringgold,$2.789,2025-11-15
Iowa,IA,Sac,$2.673,2025-11-15
Iowa,IA,Scott,$2.631,2025-11-15
Iowa,IA,Shelby,$2.646,2025-11-15
Iowa,IA,Sioux,$2.768,2025-11-15
Iowa,IA,Story,$2.884,2025-11-15
Iowa,IA,Tama,$2.941,2025-11-15
Iowa,IA,Taylor,$2.712,2025-11-15
Iowa,IA,Union,$2.744,2025-11-15
Iowa,IA,Van Buren,$2.727,2025-11-15
Iowa,IA,Wapello,$2.605,2025-11-15
Iowa,IA,Warren,$2.631,2025-11-15
Iowa,IA,Washington,$2.810,2025-11-15
Iowa,IA,Wayne,$2.716,2025-11-15
Iowa,IA,Webster,$2.628,2025-11-15
Iowa,IA,Winnebago,$2.803,2025-11-15
Iowa,IA,Winneshiek,$3.018,2025-11-15
Iowa,IA,Woodbury,$2.535,2025-11-15
Iowa,IA,Worth,$2.802,2025-11-15
Iowa,IA,Wright,$2.876,2025-11-15
Kentucky,KY,Adair,$2.723,2025-11-15
Kentucky,KY,Allen,$2.666,2025-11-15
Kentucky,KY,Anderson,$2.678,2025-11-15
Kentucky,KY,Ballard,$2.599,2025-11-15
Kentucky,KY,Barren,$2.736,2025-11-15
Kentucky,KY,Bath,$2.956,2025-11-15
Kentucky,KY,Bell,$2.518,2025-11-15
Kentucky,KY,Boone,$3.061,2025-11-15
Kentucky,KY,Bourbon,$2.773,2025-11-15
Kentucky,KY,Boyd,$2.919,2025-11-15
Kentucky,KY,Boyle,$2.723,2025-11-15
Kentucky,KY,Bracken,$2.767,2025-11-15
Kentucky,KY,Breathitt,$2.842,2025-11-15
Kentucky,KY,Breckinridge,$2.630,2025-11-15
Kentucky,KY,Bullitt,$2.754,2025-11-15
Kentucky,KY,Butler,$2.636,2025-11-15
Kentucky,KY,Caldwell,$2.626,2025-11-15
Kentucky,KY,Calloway,$2.587,2025-11-15
Kentucky,KY,Campbell,$3.080,2025-11-15
Kentucky,KY,Carlisle,$2.716,2025-11-15
Kentucky,KY,Carroll,$2.819,2025-11-15
Kentucky,KY,Carter,$2.790,2025-11-15
Kentucky,KY,Casey,$2.706,2025-11-15
Kentucky,KY,Christian,$2.527,2025-11-15
Kentucky,KY,Clark,$2.784,2025-11-15
Kentucky,KY,Clay,$2.853,2025-11-15
Kentucky,KY,Clinton,$2.819,2025-11-15
Kentucky,KY,Crittenden,$2.599,2025-11-15
Kentucky,KY,Cumberland,$2.806,2025-11-15
Kentucky,KY,Daviess,$2.602,2025-11-15
Kentucky,KY,Edmonson,$2.586,2025-11-15
Kentucky,KY,Elliott,$2.999,2025-11-15
Kentucky,KY,Estill,$2.789,2025-11-15
Kentucky,KY,Fayette,$2.937,2025-11-15
Kentucky,KY,Fleming,$2.787,2025-11-15
Kentucky,KY,Floyd,$2.752,2025-11-15
Kentucky,KY,Franklin,$2.824,2025-11-15
Kentucky,KY,Fulton,$2.637,2025-11-15
Kentucky,KY,Gallatin,$2.826,2025-11-15
Kentucky,KY,Garrard,$2.720,2025-11-15
Kentucky,KY,Grant,$2.835,2025-11-15
Kentucky,KY,Graves,$2.591,2025-11-15
Kentucky,KY,Grayson,$2.741,2025-11-15
Kentucky,KY,Green,$2.566,2025-11-15
Kentucky,KY,Greenup,$2.893,2025-11-15
Kentucky,KY,Hancock,$2.520,2025-11-15
Kentucky,KY,Hardin,$2.581,2025-11-15
Kentucky,KY,Harlan,$2.755,2025-11-15
Kentucky,KY,Harrison,$2.913,2025-11-15
Kentucky,KY,Hart,$2.654,2025-11-15
Kentucky,KY,Henderson,$2.484,2025-11-15
Kentucky,KY,Henry,$2.743,2025-11-15
Kentucky,KY,Hickman,$2.699,2025-11-15
Kentucky,KY,Hopkins,$2.612,2025-11-15
Kentucky,KY,Jackson,$2.757,2025-11-15
Kentucky,KY,Jefferson,$2.809,2025-11-15
Kentucky,KY,Jessamine,$2.698,2025-11-15
Kentucky,KY,Johnson,$2.919,2025-11-15
Kentucky,KY,Kenton,$3.107,2025-11-15
Kentucky,KY,Knott,$2.749,2025-11-15
Kentucky,KY,Knox,$2.713,2025-11-15
Kentucky,KY,Larue,$2.563,2025-11-15
Kentucky,KY,Laurel,$2.757,2025-11-15
Kentucky,KY,Lawrence,$2.795,2025-11-15
Kentucky,KY,Lee,$2.956,2025-11-15
Kentucky,KY,Leslie,$2.914,2025-11-15
Kentucky,KY,Letcher,$2.828,2025-11-15
Kentucky,KY,Lewis,$2.844,2025-11-15
Kentucky,KY,Lincoln,$2.796,2025-11-15
Kentucky,KY,Livingston,$2.634,2025-11-15
Kentucky,KY,Logan,$2.553,2025-11-15
Kentucky,KY,Lyon,$2.679,2025-11-15
Kentucky,KY,Madison,$2.844,2025-11-15
Kentucky,KY,Magoffin,$2.819,2025-11-15
Kentucky,KY,Marion,$2.588,2025-11-15
Kentucky,KY,Marshall,$2.546,2025-11-15
Kentucky,KY,Martin,$2.695,2025-11-15
Kentucky,KY,Mason,$2.893,2025-11-15
Kentucky,KY,McCracken,$2.561,2025-11-15
Kentucky,KY,McCreary,$2.792,2025-11-15
Kentucky,KY,McLean,$2.652,2025-11-15
Kentucky,KY,Meade,$2.576,2025-11-15
Kentucky,KY,Menifee,$3.089,2025-11-15
Kentucky,KY,Mercer,$2.694,2025-11-15
Kentucky,KY,Metcalfe,$2.684,2025-11-15
Kentucky,KY,Monroe,$2.701,2025-11-15
Kentucky,KY,Montgomery,$2.692,2025-11-15
Kentucky,KY,Morgan,$2.865,2025-11-15
Kentucky,KY,Muhlenberg,$2.590,2025-11-15
Kentucky,KY,Nelson,$2.672,2025-11-15
Kentucky,KY,Nicholas,$2.859,2025-11-15
Kentucky,KY,Ohio,$2.589,2025-11-15
Kentucky,KY,Oldham,$2.818,2025-11-15
Kentucky,KY,Owen,$2.865,2025-11-15
Kentucky,KY,Owsley,$2.799,2025-11-15
Kentucky,KY,Pendleton,$3.099,2025-11-15
Kentucky,KY,Perry,$2.783,2025-11-15
Kentucky,KY,Pike,$2.822,2025-11-15
Kentucky,KY,Powell,$2.800,2025-11-15
Kentucky,KY,Pulaski,$2.845,2025-11-15
Kentucky,KY,Robertson,$2.839,2025-11-15
Kentucky,KY,Rockcastle,$2.976,2025-11-15
Kentucky,KY,Rowan,$2.843,2025-11-15
Kentucky,KY,Russell,$2.623,2025-11-15
Kentucky,KY,Scott,$2.755,2025-11-15
Kentucky,KY,Shelby,$2.853,2025-11-15
Kentucky,KY,Simpson,$2.524,2025-11-15
Kentucky,KY,Spencer,$2.709,2025-11-15
Kentucky,KY,Taylor,$2.623,2025-11-15
Kentucky,KY,Todd,$2.602,2025-11-15
Kentucky,KY,Trigg,$2.681,2025-11-15
Kentucky,KY,Trimble,$2.755,2025-11-15
Kentucky,KY,Union,$2.699,2025-11-15
Kentucky,KY,Warren,$2.684,2025-11-15
Kentucky,KY,Washington,$2.742,2025-11-15
Kentucky,KY,Wayne,$2.803,2025-11-15
Kentucky,KY,Webster,$2.588,2025-11-15
Kentucky,KY,Whitley,$2.722,2025-11-15
Kentucky,KY,Wolfe,$2.995,2025-11-15
Kentucky,KY,Woodford,$2.970,2025-11-15
Maine,ME,Androscoggin,$3.032,2025-11-15
Maine,ME,Aroostook,$3.038,2025-11-15
Maine,ME,Cumberland,$3.041,2025-11-15
Maine,ME,Franklin,$3.010,2025-11-15
Maine,ME,Hancock,$3.052,2025-11-15
Maine,ME,Kennebec,$3.075,2025-11-15
Maine,ME,Knox,$3.067,2025-11-15
Maine,ME,Lincoln,$3.023,2025-11-15
Maine,ME,Oxford,$3.053,2025-11-15
Maine,ME,Penobscot,$3.001,2025-11-15
Maine,ME,Piscataquis,$2.992,2025-11-15
Maine,ME,Sagadahoc,$3.114,2025-11-15
Maine,ME,Somerset,$2.987,2025-11-15
Maine,ME,Waldo,$3.012,2025-11-15
Maine,ME,Washington,$3.044,2025-11-15
Maine,ME,York,$3.014,2025-11-15
Nebraska,NE,Adams,$2.706,2025-11-15
Nebraska,NE,Antelope,$2.889,2025-11-15
Nebraska,NE,Arthur,,2025-11-15
Nebraska,NE,Banner,,2025-11-15
Nebraska,NE,Blaine,,2025-11-15
Nebraska,NE,Boone,$2.744,2025-11-15
Nebraska,NE,Box Butte,$2.975,2025-11-15
Nebraska,NE,Boyd,$2.619,2025-11-15
Nebraska,NE,Brown,$2.899,2025-11-15
Nebraska,NE,Buffalo,$2.819,2025-11-15
Nebraska,NE,Burt,$2.699,2025-11-15
Nebraska,NE,Butler,$2.724,2025-11-15
Nebraska,NE,Cass,$2.754,2025-11-15
Nebraska,NE,Cedar,$2.856,2025-11-15
Nebraska,NE,Chase,$3.049,2025-11-15
Nebraska,NE,Cherry,$2.866,2025-11-15
Nebraska,NE,Cheyenne,$2.861,2025-11-15
Nebraska,NE,Clay,$2.769,2025-11-15
Nebraska,NE,Colfax,$2.529,2025-11-15
Nebraska,NE,Cuming,$2.792,2025-11-15
Nebraska,NE,Custer,$3.145,2025-11-15
Nebraska,NE,Dakota,$2.479,2025-11-15
Nebraska,NE,Dawes,$2.871,2025-11-15
Nebraska,NE,Dawson,$2.817,2025-11-15
Nebraska,NE,Deuel,$2.936,2025-11-15
Nebraska,NE,Dixon,$2.966,2025-11-15
Nebraska,NE,Dodge,$2.625,2025-11-15
Nebraska,NE,Douglas,$2.507,2025-11-15
Nebraska,NE,Dundy,$3.259,2025-11-15
Nebraska,NE,Fillmore,$2.749,2025-11-15
Nebraska,NE,Franklin,$2.974,2025-11-15
Nebraska,NE,Frontier,$3.014,2025-11-15
Nebraska,NE,Furnas,$3.021,2025-11-15
Nebraska,NE,Gage,$2.901,2025-11-15
Nebraska,NE,Garden,,2025-11-15
Nebraska,NE,Garfield,,2025-11-15
Nebraska,NE,Gosper,$2.779,2025-11-15
Nebraska,NE,Grant,,2025-11-15
Nebraska,NE,Greeley,$2.899,2025-11-15
Nebraska,NE,Hall,$2.873,2025-11-15
Nebraska,NE,Hamilton,$2.825,2025-11-15
Nebraska,NE,Harlan,$2.889,2025-11-15
Nebraska,NE,Hayes,,2025-11-15
Nebraska,NE,Hitchcock,$3.299,2025-11-15
Nebraska,NE,Holt,$2.689,2025-11-15
Nebraska,NE,Hooker,$2.879,2025-11-15
Nebraska,NE,Howard,$3.099,2025-11-15
Nebraska,NE,Jefferson,$2.739,2025-11-15
Nebraska,NE,Johnson,$2.899,2025-11-15
Nebraska,NE,Kearney,$2.899,2025-11-15
Nebraska,NE,Keith,$2.860,2025-11-15
Nebraska,NE,Keya Paha,,2025-11-15
Nebraska,NE,Kimball,$3.046,2025-11-15
Nebraska,NE,Knox,$2.675,2025-11-15
Nebraska,NE,Lancaster,$2.875,2025-11-15
Nebraska,NE,Lincoln,$3.056,2025-11-15
Nebraska,NE,Logan,$2.964,2025-11-15
Nebraska,NE,Loup,$3.249,2025-11-15
Nebraska,NE,Madison,$2.796,2025-11-15
Nebraska,NE,McPherson,,2025-11-15
Nebraska,NE,Merrick,$3.081,2025-11-15
Nebraska,NE,Morrill,$2.966,2025-11-15
Nebraska,NE,Nance,$2.689,2025-11-15
Nebraska,NE,Nemaha,$2.799,2025-11-15
Nebraska,NE,Nuckolls,$2.752,2025-11-15
Nebraska,NE,Otoe,$2.698,2025-11-15
Nebraska,NE,Pawnee,$2.799,2025-11-15
Nebraska,NE,Perkins,$3.069,2025-11-15
Nebraska,NE,Phelps,$2.789,2025-11-15
Nebraska,NE,Pierce,$2.723,2025-11-15
Nebraska,NE,Platte,$2.550,2025-11-15
Nebraska,NE,Polk,$2.676,2025-11-15
Nebraska,NE,Red Willow,$2.905,2025-11-15
Nebraska,NE,Richardson,$2.762,2025-11-15
Nebraska,NE,Rock,$2.899,2025-11-15
Nebraska,NE,Saline,$2.795,2025-11-15
Nebraska,NE,Sarpy,$2.581,2025-11-15
Nebraska,NE,Saunders,$2.835,2025-11-15
Nebraska,NE,Scotts Bluff,$2.961,2025-11-15
Nebraska,NE,Seward,$2.908,2025-11-15
Nebraska,NE,Sheridan,$3.024,2025-11-15
Nebraska,NE,Sherman,$3.149,2025-11-15
Nebraska,NE,Sioux,,2025-11-15
Nebraska,NE,Stanton,$3.104,2025-11-15
Nebraska,NE,Thayer,$2.769,2025-11-15
Nebraska,NE,Thomas,$3.299,2025-11-15
Nebraska,NE,Thurston,$2.949,2025-11-15
Nebraska,NE,Valley,$2.979,2025-11-15
Nebraska,NE,Washington,$2.677,2025-11-15
Nebraska,NE,Wayne,$2.812,2025-11-15
Nebraska,NE,Webster,$2.732,2025-11-15
Nebraska,NE,Wheeler,$2.999,2025-11-15
Nebraska,NE,York,$2.751,2025-11-15
Nevada,NV,Carson City,$3.291,2025-11-15
Nevada,NV,Churchill,$3.462,2025-11-15
Nevada,NV,Clark,$3.985,2025-11-15
Nevada,NV,Douglas,$3.468,2025-11-15
Nevada,NV,Elko,$3.329,2025-11-15
Nevada,NV,Esmeralda,$4.999,2025-11-15
Nevada,NV,Eureka,$3.496,2025-11-15
Nevada,NV,Humboldt,$3.473,2025-11-15
Nevada,NV,Lander,$3.024,2025-11-15
Nevada,NV,Lincoln,$3.674,2025-11-15
Nevada,NV,Lyon,$3.378,2025-11-15
Nevada,NV,Mineral,$3.976,2025-11-15
Nevada,NV,Nye,$3.679,2025-11-15
Nevada,NV,Pershing,$3.696,2025-11-15
Nevada,NV,Storey,$3.564,2025-11-15
Nevada,NV,Washoe,$4.057,2025-11-15
Nevada,NV,White Pine,$3.311,2025-11-15
New Hampshire,NH,Belknap,$2.852,2025-11-15
New Hampshire,NH,Carroll,$2.962,2025-11-15
New Hampshire,NH,Cheshire,$2.945,2025-11-15
New Hampshire,NH,Coos,$3.030,2025-11-15
New Hampshire,NH,Grafton,$3.030,2025-11-15
New Hampshire,NH,Hillsborough,$2.958,2025-11-15
New Hampshire,NH,Merrimack,$2.951,2025-11-15
New Hampshire,NH,Rockingham,$2.889,2025-11-15
New Hampshire,NH,Strafford,$2.926,2025-11-15
New Hampshire,NH,Sullivan,$2.995,2025-11-15
New Jersey,NJ,Atlantic,$3.016,2025-11-15
New Jersey,NJ,Bergen,$2.986,2025-11-15
New Jersey,NJ,Burlington,$2.998,2025-11-15
New Jersey,NJ,Camden,$2.954,2025-11-15
New Jersey,NJ,Cape May,$3.170,2025-11-15
New Jersey,NJ,Cumberland,$2.976,2025-11-15
New Jersey,NJ,Essex,$3.072,2025-11-15
New Jersey,NJ,Gloucester,$2.985,2025-11-15
New Jersey,NJ,Hudson,$3.026,2025-11-15
New Jersey,NJ,Hunterdon,$3.025,2025-11-15
New Jersey,NJ,Mercer,$3.005,2025-11-15
New Jersey,NJ,Middlesex,$3.014,2025-11-15
New Jersey,NJ,Monmouth,$3.078,2025-11-15
New Jersey,NJ,Morris,$3.023,2025-11-15
New Jersey,NJ,Ocean,$3.088,2025-11-15
New Jersey,NJ,Passaic,$3.005,2025-11-15
New Jersey,NJ,Salem,$2.975,2025-11-15
New Jersey,NJ,Somerset,$3.074,2025-11-15
New Jersey,NJ,Sussex,$2.985,2025-11-15
New Jersey,NJ,Union,$3.020,2025-11-15
New Jersey,NJ,Warren,$3.010,2025-11-15
New Mexico,NM,Bernalillo,$2.725,2025-11-15
New Mexico,NM,Catron,$3.236,2025-11-15
New Mexico,NM,Chaves,$2.616,2025-11-15
New Mexico,NM,Cibola,$3.008,2025-11-15
New Mexico,NM,Colfax,$2.941,2025-11-15
New Mexico,NM,Curry,$2.685,2025-11-15
New Mexico,NM,De Baca,$2.859,2025-11-15
New Mexico,NM,Dona Ana,$2.771,2025-11-15
New Mexico,NM,Eddy,$2.975,2025-11-15
New Mexico,NM,Grant,$3.008,2025-11-15
New Mexico,NM,Guadalupe,$2.749,2025-11-15
New Mexico,NM,Harding,,2025-11-15
New Mexico,NM,Hidalgo,$2.672,2025-11-15
New Mexico,NM,Lea,$2.637,2025-11-15
New Mexico,NM,Lincoln,$3.242,2025-11-15
New Mexico,NM,Los Alamos,$2.574,2025-11-15
New Mexico,NM,Luna,$2.898,2025-11-15
New Mexico,NM,McKinley,$2.756,2025-11-15
New Mexico,NM,Mora,$2.849,2025-11-15
New Mexico,NM,Otero,$2.662,2025-11-15
New Mexico,NM,Quay,$2.676,2025-11-15
New Mexico,NM,Rio Arriba,$2.780,2025-11-15
New Mexico,NM,Roosevelt,$2.829,2025-11-15
New Mexico,NM,San Juan,$2.776,2025-11-15
New Mexico,NM,San Miguel,$2.744,2025-11-15
New Mexico,NM,Sandoval,$2.700,2025-11-15
New Mexico,NM,Santa Fe,$2.736,2025-11-15
New Mexico,NM,Sierra,$2.940,2025-11-15
New Mexico,NM,Socorro,$2.946,2025-11-15
New Mexico,NM,Taos,$2.781,2025-11-15
New Mexico,NM,Torrance,$2.946,2025-11-15
New Mexico,NM,Union,$2.843,2025-11-15
New Mexico,NM,Valencia,$2.655,2025-11-15
New York,NY,Albany,$3.155,2025-11-15
New York,NY,Allegany,$3.198,2025-11-15
New York,NY,Bronx,$3.125,2025-11-15
New York,NY,Broome,$3.134,2025-11-15
New York,NY,Cattaraugus,$3.124,2025-11-15
New York,NY,Cayuga,$2.993,2025-11-15
New York,NY,Chautauqua,$3.283,2025-11-15
New York,NY,Chemung,$3.002,2025-11-15
New York,NY,Chenango,$3.106,2025-11-15
New York,NY,Clinton,$3.017,2025-11-15
New York,NY,Columbia,$3.113,2025-11-15
New York,NY,Cortland,$3.134,2025-11-15
New York,NY,Delaware,$3.286,2025-11-15
New York,NY,Dutchess,$3.137,2025-11-15
New York,NY,Erie,$3.172,2025-11-15
New York,NY,Essex,$3.401,2025-11-15
New York,NY,Franklin,$3.247,2025-11-15
New York,NY,Fulton,$3.204,2025-11-15
New York,NY,Genesee,$3.110,2025-11-15
New York,NY,Greene,$3.089,2025-11-15
New York,NY,Hamilton,$3.381,2025-11-15
New York,NY,Herkimer,$3.107,2025-11-15
New York,NY,Jefferson,$3.151,2025-11-15
New York,NY,Kings,$3.124,2025-11-15
New York,NY,Lewis,$3.308,2025-11-15
New York,NY,Livingston,$3.168,2025-11-15
New York,NY,Madison,$3.141,2025-11-15
New York,NY,Monroe,$3.181,2025-11-15
New York,NY,Montgomery,$3.129,2025-11-15
New York,NY,Nassau,$3.025,2025-11-15
New York,NY,New York,$3.198,2025-11-15
New York,NY,Niagara,$3.128,2025-11-15
New York,NY,Oneida,$3.172,2025-11-15
New York,NY,Onondaga,$3.074,2025-11-15
New York,NY,Ontario,$3.179,2025-11-15
New York,NY,Orange,$3.071,2025-11-15
New York,NY,Orleans,$3.238,2025-11-15
New York,NY,Oswego,$3.012,2025-11-15
New York,NY,Otsego,$3.267,2025-11-15
New York,NY,Putnam,$3.175,2025-11-15
New York,NY,Queens,$3.152,2025-11-15
New York,NY,Rensselaer,$3.117,2025-11-15
New York,NY,Richmond,$3.202,2025-11-15
New York,NY,Rockland,$3.294,2025-11-15
New York,NY,Saratoga,$3.133,2025-11-15
New York,NY,Schenectady,$3.075,2025-11-15
New York,NY,Schoharie,$3.110,2025-11-15
New York,NY,Schuyler,$3.095,2025-11-15
New York,NY,Seneca,$3.029,2025-11-15
New York,NY,Saint Lawrence,$3.357,2025-11-15
New York,NY,Steuben,$3.111,2025-11-15
New York,NY,Suffolk,$3.028,2025-11-15
New York,NY,Sullivan,$3.163,2025-11-15
New York,NY,Tioga,$3.107,2025-11-15
New York,NY,Tompkins,$3.216,2025-11-15
New York,NY,Ulster,$3.067,2025-11-15
New York,NY,Warren,$3.236,2025-11-15
New York,NY,Washington,$3.164,2025-11-15
New York,NY,Wayne,$3.144,2025-11-15
New York,NY,Westchester,$3.306,2025-11-15
New York,NY,Wyoming,$3.201,2025-11-15
New York,NY,Yates,$3.216,2025-11-15
North Carolina,NC,Alamance,$2.857,2025-11-15
North Carolina,NC,Alexander,$2.692,2025-11-15
North Carolina,NC,Alleghany,$2.787,2025-11-15
North Carolina,NC,Anson,$2.737,2025-11-15
North Carolina,NC,Ashe,$2.665,2025-11-15
North Carolina,NC,Avery,$2.917,2025-11-15
North Carolina,NC,Beaufort,$2.739,2025-11-15
North Carolina,NC,Bertie,$2.858,2025-11-15
North Carolina,NC,Bladen,$2.703,2025-11-15
North Carolina,NC,Brunswick,$2.843,2025-11-15
North Carolina,NC,Buncombe,$2.840,2025-11-15
North Carolina,NC,Burke,$2.766,2025-11-15
North Carolina,NC,Cabarrus,$2.795,2025-11-15
North Carolina,NC,Caldwell,$2.772,2025-11-15
North Carolina,NC,Camden,$2.704,2025-11-15
North Carolina,NC,Carteret,$2.876,2025-11-15
North Carolina,NC,Caswell,$2.928,2025-11-15
North Carolina,NC,Catawba,$2.788,2025-11-15
North Carolina,NC,Chatham,$2.858,2025-11-15
North Carolina,NC,Cherokee,$2.826,2025-11-15
North Carolina,NC,Chowan,$2.891,2025-11-15
North Carolina,NC,Clay,$2.712,2025-11-15
North Carolina,NC,Cleveland,$2.794,2025-11-15
North Carolina,NC,Columbus,$2.797,2025-11-15
North Carolina,NC,Craven,$2.769,2025-11-15
North Carolina,NC,Cumberland,$2.843,2025-11-15
North Carolina,NC,Currituck,$2.917,2025-11-15
North Carolina,NC,Dare,$2.909,2025-11-15
North Carolina,NC,Davidson,$2.773,2025-11-15
North Carolina,NC,Davie,$2.791,2025-11-15
North Carolina,NC,Duplin,$2.902,2025-11-15
North Carolina,NC,Durham,$2.933,2025-11-15
North Carolina,NC,Edgecombe,$2.877,2025-11-15
North Carolina,NC,Forsyth,$2.865,2025-11-15
North Carolina,NC,Franklin,$2.819,2025-11-15
North Carolina,NC,Gaston,$2.826,2025-11-15
North Carolina,NC,Gates,$2.949,2025-11-15
North Carolina,NC,Graham,$2.905,2025-11-15
North Carolina,NC,Granville,$2.887,2025-11-15
North Carolina,NC,Greene,$2.779,2025-11-15
North Carolina,NC,Guilford,$2.835,2025-11-15
North Carolina,NC,Halifax,$2.965,2025-11-15
North Carolina,NC,Harnett,$2.845,2025-11-15
North Carolina,NC,Haywood,$2.834,2025-11-15
North Carolina,NC,Henderson,$2.803,2025-11-15
North Carolina,NC,Hertford,$2.869,2025-11-15
North Carolina,NC,Hoke,$2.873,2025-11-15
North Carolina,NC,Hyde,$3.219,2025-11-15
North Carolina,NC,Iredell,$2.818,2025-11-15
North Carolina,NC,Jackson,$2.921,2025-11-15
North Carolina,NC,Johnston,$2.863,2025-11-15
North Carolina,NC,Jones,$2.849,2025-11-15
North Carolina,NC,Lee,$2.858,2025-11-15
North Carolina,NC,Lenoir,$2.819,2025-11-15
North Carolina,NC,Lincoln,$2.810,2025-11-15
North Carolina,NC,Macon,$2.994,2025-11-15
North Carolina,NC,Madison,$2.915,2025-11-15
North Carolina,NC,Martin,$2.791,2025-11-15
North Carolina,NC,McDowell,$2.771,2025-11-15
North Carolina,NC,Mecklenburg,$2.845,2025-11-15
North Carolina,NC,Mitchell,$2.771,2025-11-15
North Carolina,NC,Montgomery,$2.877,2025-11-15
North Carolina,NC,Moore,$2.828,2025-11-15
North Carolina,NC,Nash,$2.860,2025-11-15
North Carolina,NC,New Hanover,$2.864,2025-11-15
North Carolina,NC,Northampton,$2.977,2025-11-15
North Carolina,NC,Onslow,$2.785,2025-11-15
North Carolina,NC,Orange,$2.903,2025-11-15
North Carolina,NC,Pamlico,$2.926,2025-11-15
North Carolina,NC,Pasquotank,$2.716,2025-11-15
North Carolina,NC,Pender,$2.892,2025-11-15
North Carolina,NC,Perquimans,$2.899,2025-11-15
North Carolina,NC,Person,$2.909,2025-11-15
North Carolina,NC,Pitt,$2.716,2025-11-15
North Carolina,NC,Polk,$2.878,2025-11-15
North Carolina,NC,Randolph,$2.746,2025-11-15
North Carolina,NC,Richmond,$2.856,2025-11-15
North Carolina,NC,Robeson,$2.726,2025-11-15
North Carolina,NC,Rockingham,$2.748,2025-11-15
North Carolina,NC,Rowan,$2.786,2025-11-15
North Carolina,NC,Rutherford,$2.787,2025-11-15
North Carolina,NC,Sampson,$2.706,2025-11-15
North Carolina,NC,Scotland,$2.748,2025-11-15
North Carolina,NC,Stanly,$2.816,2025-11-15
North Carolina,NC,Stokes,$2.839,2025-11-15
North Carolina,NC,Surry,$2.830,2025-11-15
North Carolina,NC,Swain,$2.795,2025-11-15
North Carolina,NC,Transylvania,$2.926,2025-11-15
North Carolina,NC,Tyrrell,$2.804,2025-11-15
North Carolina,NC,Union,$2.782,2025-11-15
North Carolina,NC,Vance,$2.869,2025-11-15
North Carolina,NC,Wake,$2.846,2025-11-15
North Carolina,NC,Warren,$2.907,2025-11-15
North Carolina,NC,Washington,$2.807,2025-11-15
North Carolina,NC,Watauga,$2.843,2025-11-15
North Carolina,NC,Wayne,$2.793,2025-11-15
North Carolina,NC,Wilkes,$2.880,2025-11-15
North Carolina,NC,Wilson,$2.786,2025-11-15
North Carolina,NC,Yadkin,$2.780,2025-11-15
North Carolina,NC,Yancey,$2.705,2025-11-15
North Dakota,ND,Adams,$2.999,2025-11-15
North Dakota,ND,Barnes,$2.486,2025-11-15
North Dakota,ND,Benson,$2.792,2025-11-15
North Dakota,ND,Billings,$3.009,2025-11-15
North Dakota,ND,Bottineau,$2.793,2025-11-15
North Dakota,ND,Bowman,$2.949,2025-11-15
North Dakota,ND,Burke,$2.914,2025-11-15
North Dakota,ND,Burleigh,$2.892,2025-11-15
North Dakota,ND,Cass,$2.674,2025-11-15
North Dakota,ND,Cavalier,$2.779,2025-11-15
North Dakota,ND,Dickey,$2.825,2025-11-15
North Dakota,ND,Divide,$3.071,2025-11-15
North Dakota,ND,Dunn,$2.917,2025-11-15
North Dakota,ND,Eddy,$2.729,2025-11-15
North Dakota,ND,Emmons,$2.899,2025-11-15
North Dakota,ND,Foster,$2.814,2025-11-15
North Dakota,ND,Golden Valley,$2.899,2025-11-15
North Dakota,ND,Grand Forks,$2.758,2025-11-15
North Dakota,ND,Grant,$3.299,2025-11-15
North Dakota,ND,Griggs,$2.799,2025-11-15
North Dakota,ND,Hettinger,$2.916,2025-11-15
North Dakota,ND,Kidder,$2.784,2025-11-15
North Dakota,ND,LaMoure,$2.772,2025-11-15
North Dakota,ND,Logan,$2.899,2025-11-15
North Dakota,ND,McHenry,$2.852,2025-11-15
North Dakota,ND,McIntosh,$2.986,2025-11-15
North Dakota,ND,McKenzie,$3.044,2025-11-15
North Dakota,ND,McLean,$2.871,2025-11-15
North Dakota,ND,Mercer,$2.978,2025-11-15
North Dakota,ND,Morton,$2.943,2025-11-15
North Dakota,ND,Mountrail,$2.914,2025-11-15
North Dakota,ND,Nelson,$2.749,2025-11-15
North Dakota,ND,Oliver,$2.759,2025-11-15
North Dakota,ND,Pembina,$2.889,2025-11-15
North Dakota,ND,Pierce,$2.899,2025-11-15
North Dakota,ND,Ramsey,$2.715,2025-11-15
North Dakota,ND,Ransom,$2.623,2025-11-15
North Dakota,ND,Renville,$2.911,2025-11-15
North Dakota,ND,Richland,$2.695,2025-11-15
North Dakota,ND,Rolette,$3.043,2025-11-15
North Dakota,ND,Sargent,$2.589,2025-11-15
North Dakota,ND,Sheridan,$2.924,2025-11-15
North Dakota,ND,Sioux,$2.949,2025-11-15
North Dakota,ND,Slope,,2025-11-15
North Dakota,ND,Stark,$2.932,2025-11-15
North Dakota,ND,Steele,$2.916,2025-11-15
North Dakota,ND,Stutsman,$2.715,2025-11-15
North Dakota,ND,Towner,$2.844,2025-11-15
North Dakota,ND,Traill,$2.759,2025-11-15
North Dakota,ND,Walsh,$2.796,2025-11-15
North Dakota,ND,Ward,$2.907,2025-11-15
North Dakota,ND,Wells,$2.881,2025-11-15
North Dakota,ND,Williams,$2.871,2025-11-15
Ohio,OH,Adams,$2.987,2025-11-15
Ohio,OH,Allen,$3.040,2025-11-15
Ohio,OH,Ashland,$3.215,2025-11-15
Ohio,OH,Ashtabula,$3.231,2025-11-15
Ohio,OH,Athens,$3.180,2025-11-15
Ohio,OH,Auglaize,$3.002,2025-11-15
Ohio,OH,Belmont,$3.097,2025-11-15
Ohio,OH,Brown,$3.030,2025-11-15
Ohio,OH,Butler,$3.048,2025-11-15
Ohio,OH,Carroll,$3.219,2025-11-15
Ohio,OH,Champaign,$3.111,2025-11-15
Ohio,OH,Clark,$3.190,2025-11-15
Ohio,OH,Clermont,$3.203,2025-11-15
Ohio,OH,Clinton,$3.063,2025-11-15
Ohio,OH,Columbiana,$3.092,2025-11-15
Ohio,OH,Coshocton,$2.986,2025-11-15
Ohio,OH,Crawford,$3.263,2025-11-15
Ohio,OH,Cuyahoga,$3.131,2025-11-15
Ohio,OH,Darke,$3.091,2025-11-15
Ohio,OH,Defiance,$3.132,2025-11-15
Ohio,OH,Delaware,$3.185,2025-11-15
Ohio,OH,Erie,$3.273,2025-11-15
Ohio,OH,Fairfield,$3.069,2025-11-15
Ohio,OH,Fayette,$2.907,2025-11-15
Ohio,OH,Franklin,$3.237,2025-11-15
Ohio,OH,Fulton,$3.166,2025-11-15
Ohio,OH,Gallia,$3.000,2025-11-15
Ohio,OH,Geauga,$3.209,2025-11-15
Ohio,OH,Greene,$3.058,2025-11-15
Ohio,OH,Guernsey,$3.127,2025-11-15
Ohio,OH,Hamilton,$3.202,2025-11-15
Ohio,OH,Hancock,$3.140,2025-11-15
Ohio,OH,Hardin,$2.802,2025-11-15
Ohio,OH,Harrison,$3.152,2025-11-15
Ohio,OH,Henry,$3.065,2025-11-15
Ohio,OH,Highland,$3.097,2025-11-15
Ohio,OH,Hocking,$3.123,2025-11-15
Ohio,OH,Holmes,$3.137,2025-11-15
Ohio,OH,Huron,$3.276,2025-11-15
Ohio,OH,Jackson,$3.151,2025-11-15
Ohio,OH,Jefferson,$3.092,2025-11-15
Ohio,OH,Knox,$3.046,2025-11-15
Ohio,OH,Lake,$3.224,2025-11-15
Ohio,OH,Lawrence,$3.163,2025-11-15
Ohio,OH,Licking,$3.185,2025-11-15
Ohio,OH,Logan,$3.072,2025-11-15
Ohio,OH,Lorain,$3.112,2025-11-15
Ohio,OH,Lucas,$3.177,2025-11-15
Ohio,OH,Madison,$3.100,2025-11-15
Ohio,OH,Mahoning,$3.053,2025-11-15
Ohio,OH,Marion,$3.196,2025-11-15
Ohio,OH,Medina,$3.225,2025-11-15
Ohio,OH,Meigs,$2.920,2025-11-15
Ohio,OH,Mercer,$2.944,2025-11-15
Ohio,OH,Miami,$3.204,2025-11-15
Ohio,OH,Monroe,$3.215,2025-11-15
Ohio,OH,Montgomery,$3.118,2025-11-15
Ohio,OH,Morgan,$3.126,2025-11-15
Ohio,OH,Morrow,$3.152,2025-11-15
Ohio,OH,Muskingum,$3.168,2025-11-15
Ohio,OH,Noble,$3.093,2025-11-15
Ohio,OH,Ottawa,$3.161,2025-11-15
Ohio,OH,Paulding,$3.007,2025-11-15
Ohio,OH,Perry,$3.171,2025-11-15
Ohio,OH,Pickaway,$3.154,2025-11-15
Ohio,OH,Pike,$3.098,2025-11-15
Ohio,OH,Portage,$3.158,2025-11-15
Ohio,OH,Preble,$2.983,2025-11-15
Ohio,OH,Putnam,$2.955,2025-11-15
Ohio,OH,Richland,$3.160,2025-11-15
Ohio,OH,Ross,$3.099,2025-11-15
Ohio,OH,Sandusky,$3.168,2025-11-15
Ohio,OH,Scioto,$2.945,2025-11-15
Ohio,OH,Seneca,$3.127,2025-11-15
Ohio,OH,Shelby,$3.049,2025-11-15
Ohio,OH,Stark,$3.225,2025-11-15
Ohio,OH,Summit,$3.212,2025-11-15
Ohio,OH,Trumbull,$3.064,2025-11-15
Ohio,OH,Tuscarawas,$3.227,2025-11-15
Ohio,OH,Union,$3.031,2025-11-15
Ohio,OH,Van Wert,$3.127,2025-11-15
Ohio,OH,Vinton,$3.013,2025-11-15
Ohio,OH,Warren,$3.106,2025-11-15
Ohio,OH,Washington,$3.177,2025-11-15
Ohio,OH,Wayne,$3.177,2025-11-15
Ohio,OH,Williams,$3.083,2025-11-15
Ohio,OH,Wood,$3.119,2025-11-15
Ohio,OH,Wyandot,$2.940,2025-11-15
Oklahoma,OK,Adair,$2.441,2025-11-15
Oklahoma,OK,Alfalfa,$2.901,2025-11-15
Oklahoma,OK,Atoka,$2.578,2025-11-15
Oklahoma,OK,Beaver,$2.809,2025-11-15
Oklahoma,OK,Beckham,$2.665,2025-11-15
Oklahoma,OK,Blaine,$2.640,2025-11-15
Oklahoma,OK,Bryan,$2.471,2025-11-15
Oklahoma,OK,Caddo,$2.660,2025-11-15
Oklahoma,OK,Canadian,$2.436,2025-11-15
Oklahoma,OK,Carter,$2.502,2025-11-15
Oklahoma,OK,Cherokee,$2.565,2025-11-15
Oklahoma,OK,Choctaw,$2.605,2025-11-15
Oklahoma,OK,Cimarron,$2.764,2025-11-15
Oklahoma,OK,Cleveland,$2.466,2025-11-15
Oklahoma,OK,Coal,$3.006,2025-11-15
Oklahoma,OK,Comanche,$2.316,2025-11-15
Oklahoma,OK,Cotton,$2.484,2025-11-15
Oklahoma,OK,Craig,$2.550,2025-11-15
Oklahoma,OK,Creek,$2.480,2025-11-15
Oklahoma,OK,Custer,$2.650,2025-11-15
Oklahoma,OK,Delaware,$2.567,2025-11-15
Oklahoma,OK,Dewey,$2.850,2025-11-15
Oklahoma,OK,Ellis,$2.949,2025-11-15
Oklahoma,OK,Garfield,$2.542,2025-11-15
Oklahoma,OK,Garvin,$2.590,2025-11-15
Oklahoma,OK,Grady,$2.521,2025-11-15
Oklahoma,OK,Grant,$2.629,2025-11-15
Oklahoma,OK,Greer,$2.572,2025-11-15
Oklahoma,OK,Harmon,$2.814,2025-11-15
Oklahoma,OK,Harper,$2.712,2025-11-15
Oklahoma,OK,Haskell,$2.549,2025-11-15
Oklahoma,OK,Hughes,$2.773,2025-11-15
Oklahoma,OK,Jackson,$2.443,2025-11-15
Oklahoma,OK,Jefferson,$2.685,2025-11-15
Oklahoma,OK,Johnston,$2.686,2025-11-15
Oklahoma,OK,Kay,$2.536,2025-11-15
Oklahoma,OK,Kingfisher,$2.608,2025-11-15
Oklahoma,OK,Kiowa,$2.818,2025-11-15
Oklahoma,OK,Latimer,$2.747,2025-11-15
Oklahoma,OK,Le Flore,$2.616,2025-11-15
Oklahoma,OK,Lincoln,$2.729,2025-11-15
Oklahoma,OK,Logan,$2.749,2025-11-15
Oklahoma,OK,Love,$2.703,2025-11-15
Oklahoma,OK,Major,$2.509,2025-11-15
Oklahoma,OK,Marshall,$2.620,2025-11-15
Oklahoma,OK,Mayes,$2.472,2025-11-15
Oklahoma,OK,McClain,$2.692,2025-11-15
Oklahoma,OK,McCurtain,$2.651,2025-11-15
Oklahoma,OK,McIntosh,$2.550,2025-11-15
Oklahoma,OK,Murray,$2.527,2025-11-15
Oklahoma,OK,Muskogee,$2.431,2025-11-15
Oklahoma,OK,Noble,$2.473,2025-11-15
Oklahoma,OK,Nowata,$2.599,2025-11-15
Oklahoma,OK,Okfuskee,$2.585,2025-11-15
Oklahoma,OK,Oklahoma,$2.438,2025-11-15
Oklahoma,OK,Okmulgee,$2.444,2025-11-15
Oklahoma,OK,Osage,$2.590,2025-11-15
Oklahoma,OK,Ottawa,$2.453,2025-11-15
Oklahoma,OK,Pawnee,$2.597,2025-11-15
Oklahoma,OK,Payne,$2.528,2025-11-15
Oklahoma,OK,Pittsburg,$2.432,2025-11-15
Oklahoma,OK,Pontotoc,$2.533,2025-11-15
Oklahoma,OK,Pottawatomie,$2.510,2025-11-15
Oklahoma,OK,Pushmataha,$2.687,2025-11-15
Oklahoma,OK,Roger Mills,$2.834,2025-11-15
Oklahoma,OK,Rogers,$2.501,2025-11-15
Oklahoma,OK,Seminole,$2.529,2025-11-15
Oklahoma,OK,Sequoyah,$2.514,2025-11-15
Oklahoma,OK,Stephens,$2.612,2025-11-15
Oklahoma,OK,Texas,$2.617,2025-11-15
Oklahoma,OK,Tillman,$2.611,2025-11-15
Oklahoma,OK,Tulsa,$2.456,2025-11-15
Oklahoma,OK,Wagoner,$2.437,2025-11-15
Oklahoma,OK,Washington,$2.558,2025-11-15
Oklahoma,OK,Washita,$2.712,2025-11-15
Oklahoma,OK,Woods,$2.906,2025-11-15
Oklahoma,OK,Woodward,$2.395,2025-11-15
Oregon,OR,Baker,$3.592,2025-11-15
Oregon,OR,Benton,$3.224,2025-11-15
Oregon,OR,Clackamas,$3.865,2025-11-15
Oregon,OR,Clatsop,$3.956,2025-11-15
Oregon,OR,Columbia,$3.933,2025-11-15
Oregon,OR,Coos,$3.750,2025-11-15
Oregon,OR,Crook,$3.768,2025-11-15
Oregon,OR,Curry,$3.853,2025-11-15
Oregon,OR,Deschutes,$3.612,2025-11-15
Oregon,OR,Douglas,$3.683,2025-11-15
Oregon,OR,Gilliam,$3.699,2025-11-15
Oregon,OR,Grant,$3.685,2025-11-15
Oregon,OR,Harney,$3.874,2025-11-15
Oregon,OR,Hood River,$3.775,2025-11-15
Oregon,OR,Jackson,$3.695,2025-11-15
Oregon,OR,Jefferson,$3.610,2025-11-15
Oregon,OR,Josephine,$3.749,2025-11-15
Oregon,OR,Klamath,$3.698,2025-11-15
Oregon,OR,Lake,$3.899,2025-11-15
Oregon,OR,Lane,$3.592,2025-11-15
Oregon,OR,Lincoln,$3.784,2025-11-15
Oregon,OR,Linn,$3.364,2025-11-15
Oregon,OR,Malheur,$3.734,2025-11-15
Oregon,OR,Marion,$3.656,2025-11-15
Oregon,OR,Morrow,$3.869,2025-11-15
Oregon,OR,Multnomah,$4.010,2025-11-15
Oregon,OR,Polk,$3.663,2025-11-15
Oregon,OR,Sherman,$3.899,2025-11-15
Oregon,OR,Tillamook,$3.808,2025-11-15
Oregon,OR,Umatilla,$3.787,2025-11-15
Oregon,OR,Union,$3.904,2025-11-15
Oregon,OR,Wallowa,$4.025,2025-11-15
Oregon,OR,Wasco,$3.925,2025-11-15
Oregon,OR,Washington,$3.991,2025-11-15
Oregon,OR,Wheeler,,2025-11-15
Oregon,OR,Yamhill,$3.874,2025-11-15
Maryland,MD,Allegany,$3.137,2025-11-15
Maryland,MD,Anne Arundel,$3.136,2025-11-15
Maryland,MD,Baltimore City,$3.103,2025-11-15
Maryland,MD,Baltimore,$3.117,2025-11-15
Maryland,MD,Calvert,$3.107,2025-11-15
Maryland,MD,Cecil,$3.091,2025-11-15
Maryland,MD,Charles,$3.099,2025-11-15
Maryland,MD,Carroll,$3.047,2025-11-15
Maryland,MD,Caroline,$3.128,2025-11-15
Maryland,MD,Dorchester,$3.117,2025-11-15
Maryland,MD,Frederick,$3.061,2025-11-15
Maryland,MD,Garrett,$3.116,2025-11-15
Maryland,MD,Harford,$3.133,2025-11-15
Maryland,MD,Howard,$3.179,2025-11-15
Maryland,MD,Kent,$3.128,2025-11-15
Maryland,MD,Montgomery,$3.134,2025-11-15
Maryland,MD,Prince Georges,$3.105,2025-11-15
Maryland,MD,Queen Annes,$3.063,2025-11-15
Maryland,MD,Saint Marys,$3.105,2025-11-15
Maryland,MD,Somerset,$3.145,2025-11-15
Maryland,MD,Talbot,$3.147,2025-11-15
Maryland,MD,Washington,$3.082,2025-11-15
Maryland,MD,Wicomico,$3.143,2025-11-15
Maryland,MD,Worcester,$3.105,2025-11-15
Massachusetts,MA,Barnstable,$3.057,2025-11-15
Massachusetts,MA,Berkshire,$3.071,2025-11-15
Massachusetts,MA,Bristol,$2.899,2025-11-15
Massachusetts,MA,Dukes,$4.170,2025-11-15
Massachusetts,MA,Essex,$3.049,2025-11-15
Massachusetts,MA,Franklin,$2.997,2025-11-15
Massachusetts,MA,Hampden,$2.932,2025-11-15
Massachusetts,MA,Hampshire,$2.971,2025-11-15
Massachusetts,MA,Middlesex,$3.084,2025-11-15
Massachusetts,MA,Nantucket,$4.452,2025-11-15
Massachusetts,MA,Norfolk,$2.988,2025-11-15
Massachusetts,MA,Plymouth,$2.910,2025-11-15
Massachusetts,MA,Suffolk,$3.233,2025-11-15
Massachusetts,MA,Worcester,$3.022,2025-11-15
Michigan,MI,Alcona,$3.110,2025-11-15
Michigan,MI,Alger,$2.992,2025-11-15
Michigan,MI,Allegan,$3.049,2025-11-15
Michigan,MI,Alpena,$2.998,2025-11-15
Michigan,MI,Antrim,$2.938,2025-11-15
Michigan,MI,Arenac,$3.082,2025-11-15
Michigan,MI,Baraga,$2.967,2025-11-15
Michigan,MI,Barry,$3.194,2025-11-15
Michigan,MI,Bay,$3.030,2025-11-15
Michigan,MI,Benzie,$3.129,2025-11-15
Michigan,MI,Berrien,$2.980,2025-11-15
Michigan,MI,Branch,$2.991,2025-11-15
Michigan,MI,Calhoun,$3.002,2025-11-15
Michigan,MI,Cass,$3.118,2025-11-15
Michigan,MI,Charlevoix,$3.237,2025-11-15
Michigan,MI,Cheboygan,$3.170,2025-11-15
Michigan,MI,Chippewa,$3.082,2025-11-15
Michigan,MI,Clare,$3.107,2025-11-15
Michigan,MI,Clinton,$3.016,2025-11-15
Michigan,MI,Crawford,$3.113,2025-11-15
Michigan,MI,Delta,$2.979,2025-11-15
Michigan,MI,Dickinson,$2.954,2025-11-15
Michigan,MI,Eaton,$3.045,2025-11-15
Michigan,MI,Emmet,$3.120,2025-11-15
Michigan,MI,Genesee,$2.962,2025-11-15
Michigan,MI,Gladwin,$2.976,2025-11-15
Michigan,MI,Gogebic,$3.082,2025-11-15
Michigan,MI,Grand Traverse,$2.821,2025-11-15
Michigan,MI,Gratiot,$2.973,2025-11-15
Michigan,MI,Hillsdale,$2.903,2025-11-15
Michigan,MI,Houghton,$2.943,2025-11-15
Michigan,MI,Huron,$3.030,2025-11-15
Michigan,MI,Ingham,$3.035,2025-11-15
Michigan,MI,Ionia,$3.047,2025-11-15
Michigan,MI,Iosco,$3.108,2025-11-15
Michigan,MI,Iron,$3.070,2025-11-15
Michigan,MI,Isabella,$2.755,2025-11-15
Michigan,MI,Jackson,$3.031,2025-11-15
Michigan,MI,Kalamazoo,$3.038,2025-11-15
Michigan,MI,Kalkaska,$2.873,2025-11-15
Michigan,MI,Kent,$3.018,2025-11-15
Michigan,MI,Keweenaw,,2025-11-15
Michigan,MI,Lake,$3.077,2025-11-15
Michigan,MI,Lapeer,$2.957,2025-11-15
Michigan,MI,Leelanau,$2.989,2025-11-15
Michigan,MI,Lenawee,$3.039,2025-11-15
Michigan,MI,Livingston,$3.190,2025-11-15
Michigan,MI,Luce,$3.195,2025-11-15
Michigan,MI,Mackinac,$3.281,2025-11-15
Michigan,MI,Macomb,$3.050,2025-11-15
Michigan,MI,Manistee,$3.061,2025-11-15
Michigan,MI,Marquette,$2.876,2025-11-15
Michigan,MI,Mason,$2.911,2025-11-15
Michigan,MI,Mecosta,$2.944,2025-11-15
Michigan,MI,Menominee,$2.982,2025-11-15
Michigan,MI,Midland,$2.955,2025-11-15
Michigan,MI,Missaukee,$2.985,2025-11-15
Michigan,MI,Monroe,$2.988,2025-11-15
Michigan,MI,Montcalm,$2.882,2025-11-15
Michigan,MI,Montmorency,$3.026,2025-11-15
Michigan,MI,Muskegon,$2.959,2025-11-15
Michigan,MI,Newaygo,$2.959,2025-11-15
Michigan,MI,Oakland,$3.116,2025-11-15
Michigan,MI,Oceana,$2.934,2025-11-15
Michigan,MI,Ogemaw,$3.037,2025-11-15
Michigan,MI,Ontonagon,$3.104,2025-11-15
Michigan,MI,Osceola,$3.070,2025-11-15
Michigan,MI,Oscoda,$3.219,2025-11-15
Michigan,MI,Otsego,$2.928,2025-11-15
Michigan,MI,Ottawa,$2.940,2025-11-15
Michigan,MI,Presque Isle,$3.225,2025-11-15
Michigan,MI,Roscommon,$3.016,2025-11-15
Michigan,MI,Saginaw,$2.999,2025-11-15
Michigan,MI,Sanilac,$2.991,2025-11-15
Michigan,MI,Schoolcraft,$3.223,2025-11-15
Michigan,MI,Shiawassee,$2.972,2025-11-15
Michigan,MI,Saint Clair,$2.995,2025-11-15
Michigan,MI,Saint Joseph,$2.984,2025-11-15
Michigan,MI,Tuscola,$2.927,2025-11-15
Michigan,MI,Van Buren,$2.973,2025-11-15
Michigan,MI,Washtenaw,$3.113,2025-11-15
Michigan,MI,Wayne,$3.019,2025-11-15
Michigan,MI,Wexford,$2.865,2025-11-15
Minnesota,MN,Aitkin,$2.851,2025-11-15
Minnesota,MN,Anoka,$3.025,2025-11-15
Minnesota,MN,Becker,$2.727,2025-11-15
Minnesota,MN,Beltrami,$2.899,2025-11-15
Minnesota,MN,Benton,$3.073,2025-11-15
Minnesota,MN,Big Stone,$2.699,2025-11-15
Minnesota,MN,Blue Earth,$2.891,2025-11-15
Minnesota,MN,Brown,$2.848,2025-11-15
Minnesota,MN,Carlton,$2.754,2025-11-15
Minnesota,MN,Carver,$3.059,2025-11-15
Minnesota,MN,Cass,$2.795,2025-11-15
Minnesota,MN,Chippewa,$2.910,2025-11-15
Minnesota,MN,Chisago,$3.082,2025-11-15
Minnesota,MN,Clay,$2.698,2025-11-15
Minnesota,MN,Clearwater,$2.786,2025-11-15
Minnesota,MN,Cook,$2.934,2025-11-15
Minnesota,MN,Cottonwood,$2.879,2025-11-15
Minnesota,MN,Crow Wing,$2.703,2025-11-15
Minnesota,MN,Dakota,$3.076,2025-11-15
Minnesota,MN,Dodge,$3.049,2025-11-15
Minnesota,MN,Douglas,$2.840,2025-11-15
Minnesota,MN,Faribault,$2.883,2025-11-15
Minnesota,MN,Fillmore,$2.887,2025-11-15
Minnesota,MN,Freeborn,$2.771,2025-11-15
Minnesota,MN,Goodhue,$2.919,2025-11-15
Minnesota,MN,Grant,$2.806,2025-11-15
Minnesota,MN,Hennepin,$3.160,2025-11-15
Minnesota,MN,Houston,$2.819,2025-11-15
Minnesota,MN,Hubbard,$2.630,2025-11-15
Minnesota,MN,Isanti,$2.816,2025-11-15
Minnesota,MN,Itasca,$2.906,2025-11-15
Minnesota,MN,Jackson,$2.855,2025-11-15
Minnesota,MN,Kanabec,$3.031,2025-11-15
Minnesota,MN,Kandiyohi,$3.026,2025-11-15
Minnesota,MN,Kittson,$2.841,2025-11-15
Minnesota,MN,Koochiching,$2.773,2025-11-15
Minnesota,MN,Lac Qui Parle,$2.815,2025-11-15
Minnesota,MN,Lake,$2.920,2025-11-15
Minnesota,MN,Lake of the Woods,$2.959,2025-11-15
Minnesota,MN,Le Sueur,$2.850,2025-11-15
Minnesota,MN,Lincoln,$2.827,2025-11-15
Minnesota,MN,Lyon,$2.938,2025-11-15
Minnesota,MN,Mahnomen,$2.766,2025-11-15
Minnesota,MN,Marshall,$2.789,2025-11-15
Minnesota,MN,Martin,$2.837,2025-11-15
Minnesota,MN,McLeod,$2.799,2025-11-15
Minnesota,MN,Meeker,$2.791,2025-11-15
Minnesota,MN,Mille Lacs,$2.941,2025-11-15
Minnesota,MN,Morrison,$2.824,2025-11-15
Minnesota,MN,Mower,$2.842,2025-11-15
Minnesota,MN,Murray,$2.828,2025-11-15
Minnesota,MN,Nicollet,$2.895,2025-11-15
Minnesota,MN,Nobles,$2.940,2025-11-15
Minnesota,MN,Norman,$2.796,2025-11-15
Minnesota,MN,Olmsted,$3.056,2025-11-15
Minnesota,MN,Otter Tail,$2.734,2025-11-15
Minnesota,MN,Pennington,$2.849,2025-11-15
Minnesota,MN,Pine,$2.967,2025-11-15
Minnesota,MN,Pipestone,$2.871,2025-11-15
Minnesota,MN,Polk,$2.791,2025-11-15
Minnesota,MN,Pope,$2.868,2025-11-15
Minnesota,MN,Ramsey,$3.140,2025-11-15
Minnesota,MN,Red Lake,$2.799,2025-11-15
Minnesota,MN,Redwood,$2.764,2025-11-15
Minnesota,MN,Renville,$2.882,2025-11-15
Minnesota,MN,Rice,$2.810,2025-11-15
Minnesota,MN,Rock,$2.724,2025-11-15
Minnesota,MN,Roseau,$2.866,2025-11-15
Minnesota,MN,Scott,$3.017,2025-11-15
Minnesota,MN,Sherburne,$3.089,2025-11-15
Minnesota,MN,Sibley,$2.871,2025-11-15
Minnesota,MN,Saint Louis,$2.749,2025-11-15
Minnesota,MN,Stearns,$2.910,2025-11-15
Minnesota,MN,Steele,$2.767,2025-11-15
Minnesota,MN,Stevens,$2.796,2025-11-15
Minnesota,MN,Swift,$2.884,2025-11-15
Minnesota,MN,Todd,$2.786,2025-11-15
Minnesota,MN,Traverse,$2.832,2025-11-15
Minnesota,MN,Wabasha,$2.850,2025-11-15
Minnesota,MN,Wadena,$2.847,2025-11-15
Minnesota,MN,Waseca,$2.713,2025-11-15
Minnesota,MN,Washington,$3.055,2025-11-15
Minnesota,MN,Watonwan,$2.832,2025-11-15
Minnesota,MN,Wilkin,$2.716,2025-11-15
Minnesota,MN,Winona,$2.782,2025-11-15
Minnesota,MN,Wright,$3.005,2025-11-15
Minnesota,MN,Yellow Medicine,$2.879,2025-11-15
Mississippi,MS,Adams,$2.708,2025-11-15
Mississippi,MS,Alcorn,$2.531,2025-11-15
Mississippi,MS,Amite,$2.707,2025-11-15
Mississippi,MS,Attala,$2.680,2025-11-15
Mississippi,MS,Benton,$2.598,2025-11-15
Mississippi,MS,Bolivar,$2.528,2025-11-15
Mississippi,MS,Calhoun,$2.697,2025-11-15
Mississippi,MS,Carroll,$2.684,2025-11-15
Mississippi,MS,Chickasaw,$2.655,2025-11-15
Mississippi,MS,Choctaw,$2.652,2025-11-15
Mississippi,MS,Claiborne,$3.074,2025-11-15
Mississippi,MS,Clarke,$2.787,2025-11-15
Mississippi,MS,Clay,$2.531,2025-11-15
Mississippi,MS,Coahoma,$2.546,2025-11-15
Mississippi,MS,Copiah,$2.701,2025-11-15
Mississippi,MS,Covington,$2.644,2025-11-15
Mississippi,MS,De Soto,$2.537,2025-11-15
Mississippi,MS,Forrest,$2.586,2025-11-15
Mississippi,MS,Franklin,$2.716,2025-11-15
Mississippi,MS,George,$2.671,2025-11-15
Mississippi,MS,Greene,$2.799,2025-11-15
Mississippi,MS,Grenada,$2.500,2025-11-15
Mississippi,MS,Hancock,$2.661,2025-11-15
Mississippi,MS,Harrison,$2.567,2025-11-15
Mississippi,MS,Hinds,$2.651,2025-11-15
Mississippi,MS,Holmes,$2.720,2025-11-15
Mississippi,MS,Humphreys,$2.799,2025-11-15
Mississippi,MS,Issaquena,,2025-11-15
Mississippi,MS,Itawamba,$2.570,2025-11-15
Mississippi,MS,Jackson,$2.598,2025-11-15
Mississippi,MS,Jasper,$2.641,2025-11-15
Mississippi,MS,Jefferson,$2.679,2025-11-15
Mississippi,MS,Jefferson Davis,$2.710,2025-11-15
Mississippi,MS,Jones,$2.650,2025-11-15
Mississippi,MS,Kemper,$2.679,2025-11-15
Mississippi,MS,Lafayette,$2.733,2025-11-15
Mississippi,MS,Lamar,$2.601,2025-11-15
Mississippi,MS,Lauderdale,$2.697,2025-11-15
Mississippi,MS,Lawrence,$2.709,2025-11-15
Mississippi,MS,Leake,$2.547,2025-11-15
Mississippi,MS,Lee,$2.617,2025-11-15
Mississippi,MS,Leflore,$2.523,2025-11-15
Mississippi,MS,Lincoln,$2.695,2025-11-15
Mississippi,MS,Lowndes,$2.664,2025-11-15
Mississippi,MS,Madison,$2.678,2025-11-15
Mississippi,MS,Marion,$2.612,2025-11-15
Mississippi,MS,Marshall,$2.579,2025-11-15
Mississippi,MS,Monroe,$2.634,2025-11-15
Mississippi,MS,Montgomery,$2.701,2025-11-15
Mississippi,MS,Neshoba,$2.663,2025-11-15
Mississippi,MS,Newton,$2.711,2025-11-15
Mississippi,MS,Noxubee,$2.849,2025-11-15
Mississippi,MS,Oktibbeha,$2.599,2025-11-15
Mississippi,MS,Panola,$2.566,2025-11-15
Mississippi,MS,Pearl River,$2.598,2025-11-15
Mississippi,MS,Perry,$2.747,2025-11-15
Mississippi,MS,Pike,$2.591,2025-11-15
Mississippi,MS,Pontotoc,$2.652,2025-11-15
Mississippi,MS,Prentiss,$2.541,2025-11-15
Mississippi,MS,Quitman,$2.899,2025-11-15
Mississippi,MS,Rankin,$2.572,2025-11-15
Mississippi,MS,Scott,$2.741,2025-11-15
Mississippi,MS,Sharkey,$2.799,2025-11-15
Mississippi,MS,Simpson,$2.639,2025-11-15
Mississippi,MS,Smith,$2.767,2025-11-15
Mississippi,MS,Stone,$2.571,2025-11-15
Mississippi,MS,Sunflower,$2.581,2025-11-15
Mississippi,MS,Tallahatchie,$2.539,2025-11-15
Mississippi,MS,Tate,$2.595,2025-11-15
Mississippi,MS,Tippah,$2.654,2025-11-15
Mississippi,MS,Tishomingo,$2.575,2025-11-15
Mississippi,MS,Tunica,$2.772,2025-11-15
Mississippi,MS,Union,$2.595,2025-11-15
Mississippi,MS,Walthall,$2.672,2025-11-15
Mississippi,MS,Warren,$2.610,2025-11-15
Mississippi,MS,Washington,$2.546,2025-11-15
Mississippi,MS,Wayne,$2.775,2025-11-15
Mississippi,MS,Webster,$2.768,2025-11-15
Mississippi,MS,Wilkinson,$2.852,2025-11-15
Mississippi,MS,Winston,$2.568,2025-11-15
Mississippi,MS,Yalobusha,$2.564,2025-11-15
Mississippi,MS,Yazoo,$2.584,2025-11-15
Missouri,MO,Adair,$2.794,2025-11-15
Missouri,MO,Andrew,$2.756,2025-11-15
Missouri,MO,Atchison,$2.622,2025-11-15
Missouri,MO,Audrain,$2.724,2025-11-15
Missouri,MO,Barry,$2.577,2025-11-15
Missouri,MO,Barton,$2.513,2025-11-15
Missouri,MO,Bates,$2.777,2025-11-15
Missouri,MO,Benton,$2.626,2025-11-15
Missouri,MO,Bollinger,$2.709,2025-11-15
Missouri,MO,Boone,$2.681,2025-11-15
Missouri,MO,Buchanan,$2.758,2025-11-15
Missouri,MO,Butler,$2.690,2025-11-15
Missouri,MO,Caldwell,$2.799,2025-11-15
Missouri,MO,Callaway,$2.734,2025-11-15
Missouri,MO,Camden,$2.638,2025-11-15
Missouri,MO,Cape Girardeau,$2.723,2025-11-15
Missouri,MO,Carroll,$2.779,2025-11-15
Missouri,MO,Carter,$2.736,2025-11-15
Missouri,MO,Cass,$2.689,2025-11-15
Missouri,MO,Cedar,$2.724,2025-11-15
Missouri,MO,Chariton,$2.790,2025-11-15
Missouri,MO,Christian,$2.599,2025-11-15
Missouri,MO,Clark,$2.641,2025-11-15
Missouri,MO,Clay,$2.778,2025-11-15
Missouri,MO,Clinton,$2.780,2025-11-15
Missouri,MO,Cole,$2.851,2025-11-15
Missouri,MO,Cooper,$2.517,2025-11-15
Missouri,MO,Crawford,$2.724,2025-11-15
Missouri,MO,Dade,$2.579,2025-11-15
Missouri,MO,Dallas,$2.515,2025-11-15
Missouri,MO,Daviess,$2.629,2025-11-15
Missouri,MO,DeKalb,$2.782,2025-11-15
Missouri,MO,Dent,$2.799,2025-11-15
Missouri,MO,Douglas,$2.662,2025-11-15
Missouri,MO,Dunklin,$2.650,2025-11-15
Missouri,MO,Franklin,$2.684,2025-11-15
Missouri,MO,Gasconade,$2.655,2025-11-15
Missouri,MO,Gentry,$2.705,2025-11-15
Missouri,MO,Greene,$2.580,2025-11-15
Missouri,MO,Grundy,$2.648,2025-11-15
Missouri,MO,Harrison,$2.666,2025-11-15
Missouri,MO,Henry,$2.787,2025-11-15
Missouri,MO,Hickory,$2.629,2025-11-15
Missouri,MO,Holt,$2.681,2025-11-15
Missouri,MO,Howard,$2.675,2025-11-15
Missouri,MO,Howell,$2.638,2025-11-15
Missouri,MO,Iron,$2.686,2025-11-15
Missouri,MO,Jackson,$2.820,2025-11-15
Missouri,MO,Jasper,$2.529,2025-11-15
Missouri,MO,Jefferson,$2.781,2025-11-15
Missouri,MO,Johnson,$2.709,2025-11-15
Missouri,MO,Knox,$2.794,2025-11-15
Missouri,MO,Laclede,$2.561,2025-11-15
Missouri,MO,Lafayette,$2.779,2025-11-15
Missouri,MO,Lawrence,$2.671,2025-11-15
Missouri,MO,Lewis,$2.716,2025-11-15
Missouri,MO,Lincoln,$2.636,2025-11-15
Missouri,MO,Linn,$2.698,2025-11-15
Missouri,MO,Livingston,$2.789,2025-11-15
Missouri,MO,Macon,$2.782,2025-11-15
Missouri,MO,Madison,$2.528,2025-11-15
Missouri,MO,Maries,$2.736,2025-11-15
Missouri,MO,Marion,$2.725,2025-11-15
Missouri,MO,McDonald,$2.589,2025-11-15
Missouri,MO,Mercer,$2.704,2025-11-15
Missouri,MO,Miller,$2.634,2025-11-15
Missouri,MO,Mississippi,$2.528,2025-11-15
Missouri,MO,Moniteau,$2.755,2025-11-15
Missouri,MO,Monroe,$2.815,2025-11-15
Missouri,MO,Montgomery,$2.738,2025-11-15
Missouri,MO,Morgan,$2.662,2025-11-15
Missouri,MO,New Madrid,$2.598,2025-11-15
Missouri,MO,Newton,$2.600,2025-11-15
Missouri,MO,Nodaway,$2.690,2025-11-15
Missouri,MO,Oregon,$2.725,2025-11-15
Missouri,MO,Osage,$2.799,2025-11-15
Missouri,MO,Ozark,$2.749,2025-11-15
Missouri,MO,Pemiscot,$2.702,2025-11-15
Missouri,MO,Perry,$2.596,2025-11-15
Missouri,MO,Pettis,$2.705,2025-11-15
Missouri,MO,Phelps,$2.705,2025-11-15
Missouri,MO,Pike,$2.759,2025-11-15
Missouri,MO,Platte,$2.763,2025-11-15
Missouri,MO,Polk,$2.704,2025-11-15
Missouri,MO,Pulaski,$2.682,2025-11-15
Missouri,MO,Putnam,$2.899,2025-11-15
Missouri,MO,Ralls,$2.758,2025-11-15
Missouri,MO,Randolph,$2.754,2025-11-15
Missouri,MO,Ray,$2.696,2025-11-15
Missouri,MO,Reynolds,$2.799,2025-11-15
Missouri,MO,Ripley,$2.659,2025-11-15
Missouri,MO,Saline,$2.713,2025-11-15
Missouri,MO,Schuyler,$2.775,2025-11-15
Missouri,MO,Scotland,$2.796,2025-11-15
Missouri,MO,Scott,$2.698,2025-11-15
Missouri,MO,Shannon,$2.724,2025-11-15
Missouri,MO,Shelby,$2.787,2025-11-15
Missouri,MO,Saint Charles,$2.726,2025-11-15
Missouri,MO,Saint Clair,$2.869,2025-11-15
Missouri,MO,Saint Francois,$2.669,2025-11-15
Missouri,MO,Saint Louis,$2.755,2025-11-15
Missouri,MO,Saint Louis City,$2.728,2025-11-15
Missouri,MO,Sainte Genevieve,$2.730,2025-11-15
Missouri,MO,Stoddard,$2.741,2025-11-15
Missouri,MO,Stone,$2.600,2025-11-15
Missouri,MO,Sullivan,$2.852,2025-11-15
Missouri,MO,Taney,$2.736,2025-11-15
Missouri,MO,Texas,$2.746,2025-11-15
Missouri,MO,Vernon,$2.551,2025-11-15
Missouri,MO,Warren,$2.590,2025-11-15
Missouri,MO,Washington,$2.550,2025-11-15
Missouri,MO,Wayne,$2.735,2025-11-15
Missouri,MO,Webster,$2.702,2025-11-15
Missouri,MO,Worth,$2.649,2025-11-15
Missouri,MO,Wright,$2.682,2025-11-15
Pennsylvania,PA,Adams,$3.240,2025-11-15
Pennsylvania,PA,Allegheny,$3.420,2025-11-15
Pennsylvania,PA,Armstrong,$3.413,2025-11-15
Pennsylvania,PA,Beaver,$3.377,2025-11-15
Pennsylvania,PA,Bedford,$3.355,2025-11-15
Pennsylvania,PA,Berks,$3.278,2025-11-15
Pennsylvania,PA,Blair,$3.454,2025-11-15
Pennsylvania,PA,Bradford,$3.295,2025-11-15
Pennsylvania,PA,Bucks,$3.199,2025-11-15
Pennsylvania,PA,Butler,$3.408,2025-11-15
Pennsylvania,PA,Cambria,$3.418,2025-11-15
Pennsylvania,PA,Cameron,$2.916,2025-11-15
Pennsylvania,PA,Carbon,$3.111,2025-11-15
Pennsylvania,PA,Centre,$3.364,2025-11-15
Pennsylvania,PA,Chester,$3.214,2025-11-15
Pennsylvania,PA,Clarion,$3.315,2025-11-15
Pennsylvania,PA,Clearfield,$3.397,2025-11-15
Pennsylvania,PA,Clinton,$3.215,2025-11-15
Pennsylvania,PA,Columbia,$3.136,2025-11-15
Pennsylvania,PA,Crawford,$3.477,2025-11-15
Pennsylvania,PA,Cumberland,$3.233,2025-11-15
Pennsylvania,PA,Dauphin,$3.233,2025-11-15
Pennsylvania,PA,Delaware,$3.221,2025-11-15
Pennsylvania,PA,Elk,$3.445,2025-11-15
Pennsylvania,PA,Erie,$3.451,2025-11-15
Pennsylvania,PA,Fayette,$3.403,2025-11-15
Pennsylvania,PA,Forest,$3.299,2025-11-15
Pennsylvania,PA,Franklin,$3.191,2025-11-15
Pennsylvania,PA,Fulton,$3.239,2025-11-15
Pennsylvania,PA,Greene,$3.405,2025-11-15
Pennsylvania,PA,Huntingdon,$3.380,2025-11-15
Pennsylvania,PA,Indiana,$3.315,2025-11-15
Pennsylvania,PA,Jefferson,$3.362,2025-11-15
Pennsylvania,PA,Juniata,$3.308,2025-11-15
Pennsylvania,PA,Lackawanna,$3.204,2025-11-15
Pennsylvania,PA,Lancaster,$3.288,2025-11-15
Pennsylvania,PA,Lawrence,$3.354,2025-11-15
Pennsylvania,PA,Lebanon,$3.239,2025-11-15
Pennsylvania,PA,Lehigh,$3.252,2025-11-15
Pennsylvania,PA,Luzerne,$3.171,2025-11-15
Pennsylvania,PA,Lycoming,$3.131,2025-11-15
Pennsylvania,PA,McKean,$3.452,2025-11-15
Pennsylvania,PA,Mercer,$3.345,2025-11-15
Pennsylvania,PA,Mifflin,$3.403,2025-11-15
Pennsylvania,PA,Monroe,$3.182,2025-11-15
Pennsylvania,PA,Montgomery,$3.202,2025-11-15
Pennsylvania,PA,Montour,$3.109,2025-11-15
Pennsylvania,PA,Northampton,$3.174,2025-11-15
Pennsylvania,PA,Northumberland,$3.067,2025-11-15
Pennsylvania,PA,Perry,$3.268,2025-11-15
Pennsylvania,PA,Philadelphia,$3.241,2025-11-15
Pennsylvania,PA,Pike,$3.283,2025-11-15
Pennsylvania,PA,Potter,$3.405,2025-11-15
Pennsylvania,PA,Schuylkill,$3.169,2025-11-15
Pennsylvania,PA,Snyder,$3.164,2025-11-15
Pennsylvania,PA,Somerset,$3.410,2025-11-15
Pennsylvania,PA,Sullivan,$3.326,2025-11-15
Pennsylvania,PA,Susquehanna,$3.237,2025-11-15
Pennsylvania,PA,Tioga,$3.291,2025-11-15
Pennsylvania,PA,Union,$3.064,2025-11-15
Pennsylvania,PA,Venango,$3.459,2025-11-15
Pennsylvania,PA,Warren,$3.570,2025-11-15
Pennsylvania,PA,Washington,$3.438,2025-11-15
Pennsylvania,PA,Wayne,$3.202,2025-11-15
Pennsylvania,PA,Westmoreland,$3.431,2025-11-15
Pennsylvania,PA,Wyoming,$3.095,2025-11-15
Pennsylvania,PA,York,$3.279,2025-11-15
Rhode Island,RI,Bristol,$2.942,2025-11-15
Rhode Island,RI,Kent,$2.982,2025-11-15
Rhode Island,RI,Newport,$3.009,2025-11-15
Rhode Island,RI,Providence,$2.974,2025-11-15
Rhode Island,RI,Washington,$3.048,2025-11-15
South Carolina,SC,Abbeville,$2.758,2025-11-15
South Carolina,SC,Aiken,$2.776,2025-11-15
South Carolina,SC,Allendale,$2.979,2025-11-15
South Carolina,SC,Anderson,$2.736,2025-11-15
South Carolina,SC,Bamberg,$2.971,2025-11-15
South Carolina,SC,Barnwell,$2.814,2025-11-15
South Carolina,SC,Beaufort,$2.806,2025-11-15
South Carolina,SC,Berkeley,$2.737,2025-11-15
South Carolina,SC,Calhoun,$2.812,2025-11-15
South Carolina,SC,Charleston,$2.779,2025-11-15
South Carolina,SC,Cherokee,$2.691,2025-11-15
South Carolina,SC,Chester,$2.762,2025-11-15
South Carolina,SC,Chesterfield,$2.759,2025-11-15
South Carolina,SC,Clarendon,$2.781,2025-11-15
South Carolina,SC,Colleton,$2.760,2025-11-15
South Carolina,SC,Darlington,$2.766,2025-11-15
South Carolina,SC,Dillon,$2.663,2025-11-15
South Carolina,SC,Dorchester,$2.728,2025-11-15
South Carolina,SC,Edgefield,$2.843,2025-11-15
South Carolina,SC,Fairfield,$2.848,2025-11-15
South Carolina,SC,Florence,$2.677,2025-11-15
South Carolina,SC,Georgetown,$2.748,2025-11-15
South Carolina,SC,Greenville,$2.765,2025-11-15
South Carolina,SC,Greenwood,$2.731,2025-11-15
South Carolina,SC,Hampton,$2.845,2025-11-15
South Carolina,SC,Horry,$2.717,2025-11-15
South Carolina,SC,Jasper,$2.851,2025-11-15
South Carolina,SC,Kershaw,$2.741,2025-11-15
South Carolina,SC,Lancaster,$2.762,2025-11-15
South Carolina,SC,Laurens,$2.726,2025-11-15
South Carolina,SC,Lee,$2.729,2025-11-15
South Carolina,SC,Lexington,$2.771,2025-11-15
South Carolina,SC,Marion,$2.758,2025-11-15
South Carolina,SC,Marlboro,$2.726,2025-11-15
South Carolina,SC,McCormick,$2.703,2025-11-15
South Carolina,SC,Newberry,$2.751,2025-11-15
South Carolina,SC,Oconee,$2.726,2025-11-15
South Carolina,SC,Orangeburg,$2.785,2025-11-15
South Carolina,SC,Pickens,$2.712,2025-11-15
South Carolina,SC,Richland,$2.783,2025-11-15
South Carolina,SC,Saluda,$2.784,2025-11-15
South Carolina,SC,Spartanburg,$2.740,2025-11-15
South Carolina,SC,Sumter,$2.795,2025-11-15
South Carolina,SC,Union,$2.705,2025-11-15
South Carolina,SC,Williamsburg,$2.831,2025-11-15
South Carolina,SC,York,$2.726,2025-11-15
South Dakota,SD,Aurora,$2.649,2025-11-15
South Dakota,SD,Beadle,$2.996,2025-11-15
South Dakota,SD,Bennett,$3.099,2025-11-15
South Dakota,SD,Bon Homme,$2.714,2025-11-15
South Dakota,SD,Brookings,$2.657,2025-11-15
South Dakota,SD,Brown,$2.909,2025-11-15
South Dakota,SD,Brule,$2.855,2025-11-15
South Dakota,SD,Buffalo,$3.149,2025-11-15
South Dakota,SD,Butte,$3.081,2025-11-15
South Dakota,SD,Campbell,$3.439,2025-11-15
South Dakota,SD,Charles Mix,$2.709,2025-11-15
South Dakota,SD,Clark,$2.899,2025-11-15
South Dakota,SD,Clay,$2.712,2025-11-15
South Dakota,SD,Codington,$2.793,2025-11-15
South Dakota,SD,Corson,$2.709,2025-11-15
South Dakota,SD,Custer,$2.936,2025-11-15
South Dakota,SD,Davison,$2.817,2025-11-15
South Dakota,SD,Day,$2.794,2025-11-15
South Dakota,SD,Deuel,$2.899,2025-11-15
South Dakota,SD,Dewey,$3.014,2025-11-15
South Dakota,SD,Douglas,,2025-11-15
South Dakota,SD,Edmunds,$2.749,2025-11-15
South Dakota,SD,Fall River,$2.959,2025-11-15
South Dakota,SD,Faulk,,2025-11-15
South Dakota,SD,Grant,$2.689,2025-11-15
South Dakota,SD,Gregory,$2.779,2025-11-15
South Dakota,SD,Haakon,$2.849,2025-11-15
South Dakota,SD,Hamlin,$2.799,2025-11-15
South Dakota,SD,Hand,$3.026,2025-11-15
South Dakota,SD,Hanson,$2.614,2025-11-15
South Dakota,SD,Harding,$2.899,2025-11-15
South Dakota,SD,Hughes,$2.992,2025-11-15
South Dakota,SD,Hutchinson,$2.726,2025-11-15
South Dakota,SD,Hyde,$3.019,2025-11-15
South Dakota,SD,Jackson,$2.979,2025-11-15
South Dakota,SD,Jerauld,$2.784,2025-11-15
South Dakota,SD,Jones,$2.749,2025-11-15
South Dakota,SD,Kingsbury,$2.963,2025-11-15
South Dakota,SD,Lake,$2.667,2025-11-15
South Dakota,SD,Lawrence,$3.072,2025-11-15
South Dakota,SD,Lincoln,$2.737,2025-11-15
South Dakota,SD,Lyman,$3.029,2025-11-15
South Dakota,SD,Marshall,$3.029,2025-11-15
South Dakota,SD,McCook,$2.612,2025-11-15
South Dakota,SD,McPherson,$3.229,2025-11-15
South Dakota,SD,Meade,$3.060,2025-11-15
South Dakota,SD,Mellette,$2.999,2025-11-15
South Dakota,SD,Miner,$2.859,2025-11-15
South Dakota,SD,Minnehaha,$2.676,2025-11-15
South Dakota,SD,Moody,$2.756,2025-11-15
South Dakota,SD,Pennington,$2.868,2025-11-15
South Dakota,SD,Perkins,$2.854,2025-11-15
South Dakota,SD,Potter,$2.997,2025-11-15
South Dakota,SD,Roberts,$2.869,2025-11-15
South Dakota,SD,Sanborn,$2.974,2025-11-15
South Dakota,SD,Shannon,$3.061,2025-11-15
South Dakota,SD,Spink,$2.851,2025-11-15
South Dakota,SD,Stanley,$3.085,2025-11-15
South Dakota,SD,Sully,$2.719,2025-11-15
South Dakota,SD,Todd,$2.932,2025-11-15
South Dakota,SD,Tripp,$2.899,2025-11-15
South Dakota,SD,Turner,$2.732,2025-11-15
South Dakota,SD,Union,$2.730,2025-11-15
South Dakota,SD,Walworth,$2.962,2025-11-15
South Dakota,SD,Yankton,$2.800,2025-11-15
South Dakota,SD,Ziebach,$2.959,2025-11-15
Tennessee,TN,Anderson,$2.614,2025-11-15
Tennessee,TN,Bedford,$2.689,2025-11-15
Tennessee,TN,Benton,$2.621,2025-11-15
Tennessee,TN,Bledsoe,$2.735,2025-11-15
Tennessee,TN,Blount,$2.722,2025-11-15
Tennessee,TN,Bradley,$2.682,2025-11-15
Tennessee,TN,Campbell,$2.599,2025-11-15
Tennessee,TN,Cannon,$2.802,2025-11-15
Tennessee,TN,Carroll,$2.676,2025-11-15
Tennessee,TN,Carter,$2.594,2025-11-15
Tennessee,TN,Cheatham,$2.741,2025-11-15
Tennessee,TN,Chester,$2.759,2025-11-15
Tennessee,TN,Claiborne,$2.607,2025-11-15
Tennessee,TN,Clay,$2.724,2025-11-15
Tennessee,TN,Cocke,$2.594,2025-11-15
Tennessee,TN,Coffee,$2.708,2025-11-15
Tennessee,TN,Crockett,$2.816,2025-11-15
Tennessee,TN,Cumberland,$2.657,2025-11-15
Tennessee,TN,Davidson,$2.781,2025-11-15
Tennessee,TN,Decatur,$2.699,2025-11-15
Tennessee,TN,DeKalb,$2.676,2025-11-15
Tennessee,TN,Dickson,$2.717,2025-11-15
Tennessee,TN,Dyer,$2.592,2025-11-15
Tennessee,TN,Fayette,$2.688,2025-11-15
Tennessee,TN,Fentress,$2.618,2025-11-15
Tennessee,TN,Franklin,$2.626,2025-11-15
Tennessee,TN,Gibson,$2.680,2025-11-15
Tennessee,TN,Giles,$2.691,2025-11-15
Tennessee,TN,Grainger,$2.745,2025-11-15
Tennessee,TN,Greene,$2.568,2025-11-15
Tennessee,TN,Grundy,$2.661,2025-11-15
Tennessee,TN,Hamblen,$2.637,2025-11-15
Tennessee,TN,Hamilton,$2.652,2025-11-15
Tennessee,TN,Hancock,$2.659,2025-11-15
Tennessee,TN,Hardeman,$2.635,2025-11-15
Tennessee,TN,Hardin,$2.634,2025-11-15
Tennessee,TN,Hawkins,$2.533,2025-11-15
Tennessee,TN,Haywood,$2.855,2025-11-15
Tennessee,TN,Henderson,$2.625,2025-11-15
Tennessee,TN,Henry,$2.446,2025-11-15
Tennessee,TN,Hickman,$2.726,2025-11-15
Tennessee,TN,Houston,$2.799,2025-11-15
Tennessee,TN,Humphreys,$2.553,2025-11-15
Tennessee,TN,Jackson,,2025-11-15
Tennessee,TN,Jefferson,$2.594,2025-11-15
Tennessee,TN,Johnson,$2.644,2025-11-15
Tennessee,TN,Knox,$2.698,2025-11-15
Tennessee,TN,Lake,$2.624,2025-11-15
Tennessee,TN,Lauderdale,$2.768,2025-11-15
Tennessee,TN,Lawrence,$2.737,2025-11-15
Tennessee,TN,Lewis,$2.685,2025-11-15
Tennessee,TN,Lincoln,$2.702,2025-11-15
Tennessee,TN,Loudon,$2.708,2025-11-15
Tennessee,TN,Macon,$2.675,2025-11-15
Tennessee,TN,Madison,$2.692,2025-11-15
Tennessee,TN,Marion,$2.633,2025-11-15
Tennessee,TN,Marshall,$2.743,2025-11-15
Tennessee,TN,Maury,$2.656,2025-11-15
Tennessee,TN,McMinn,$2.620,2025-11-15
Tennessee,TN,McNairy,$2.666,2025-11-15
Tennessee,TN,Meigs,$2.669,2025-11-15
Tennessee,TN,Monroe,$2.638,2025-11-15
Tennessee,TN,Montgomery,$2.651,2025-11-15
Tennessee,TN,Moore,$2.799,2025-11-15
Tennessee,TN,Morgan,$2.696,2025-11-15
Tennessee,TN,Obion,$2.621,2025-11-15
Tennessee,TN,Overton,$2.802,2025-11-15
Tennessee,TN,Perry,$2.677,2025-11-15
Tennessee,TN,Pickett,$2.746,2025-11-15
Tennessee,TN,Polk,$2.758,2025-11-15
Tennessee,TN,Putnam,$2.690,2025-11-15
Tennessee,TN,Rhea,$2.633,2025-11-15
Tennessee,TN,Roane,$2.666,2025-11-15
Tennessee,TN,Robertson,$2.722,2025-11-15
Tennessee,TN,Rutherford,$2.718,2025-11-15
Tennessee,TN,Scott,$2.632,2025-11-15
Tennessee,TN,Sequatchie,$2.685,2025-11-15
Tennessee,TN,Sevier,$2.715,2025-11-15
Tennessee,TN,Shelby,$2.673,2025-11-15
Tennessee,TN,Smith,$2.749,2025-11-15
Tennessee,TN,Stewart,$2.649,2025-11-15
Tennessee,TN,Sullivan,$2.649,2025-11-15
Tennessee,TN,Sumner,$2.678,2025-11-15
Tennessee,TN,Tipton,$2.680,2025-11-15
Tennessee,TN,Trousdale,$2.774,2025-11-15
Tennessee,TN,Unicoi,$2.619,2025-11-15
Tennessee,TN,Union,$2.685,2025-11-15
Tennessee,TN,Van Buren,$2.799,2025-11-15
Tennessee,TN,Warren,$2.714,2025-11-15
Tennessee,TN,Washington,$2.684,2025-11-15
Tennessee,TN,Wayne,$2.628,2025-11-15
Tennessee,TN,Weakley,$2.612,2025-11-15
Tennessee,TN,White,$2.681,2025-11-15
Tennessee,TN,Williamson,$3.060,2025-11-15
Tennessee,TN,Wilson,$2.681,2025-11-15
Texas,TX,Anderson,$2.599,2025-11-15
Texas,TX,Andrews,$2.709,2025-11-15
Texas,TX,Angelina,$2.673,2025-11-15
Texas,TX,Aransas,$2.635,2025-11-15
Texas,TX,Archer,$2.639,2025-11-15
Texas,TX,Armstrong,$2.599,2025-11-15
Texas,TX,Atascosa,$2.607,2025-11-15
Texas,TX,Austin,$2.606,2025-11-15
Texas,TX,Bailey,$2.713,2025-11-15
Texas,TX,Bandera,$2.723,2025-11-15
Texas,TX,Bastrop,$2.624,2025-11-15
Texas,TX,Baylor,$2.899,2025-11-15
Texas,TX,Bee,$2.720,2025-11-15
Texas,TX,Bell,$2.563,2025-11-15
Texas,TX,Bexar,$2.559,2025-11-15
Texas,TX,Blanco,$2.647,2025-11-15
Texas,TX,Borden,,2025-11-15
Texas,TX,Bosque,$2.681,2025-11-15
Texas,TX,Bowie,$2.592,2025-11-15
Texas,TX,Brazoria,$2.525,2025-11-15
Texas,TX,Brazos,$2.630,2025-11-15
Texas,TX,Brewster,$3.225,2025-11-15
Texas,TX,Briscoe,$2.714,2025-11-15
Texas,TX,Brooks,$2.752,2025-11-15
Texas,TX,Brown,$2.569,2025-11-15
Texas,TX,Burleson,$2.604,2025-11-15
Texas,TX,Burnet,$2.532,2025-11-15
Texas,TX,Caldwell,$2.650,2025-11-15
Texas,TX,Calhoun,$2.728,2025-11-15
Texas,TX,Callahan,$2.709,2025-11-15
Texas,TX,Cameron,$2.694,2025-11-15
Texas,TX,Camp,$2.498,2025-11-15
Texas,TX,Carson,$2.599,2025-11-15
Texas,TX,Cass,$2.660,2025-11-15
Texas,TX,Castro,$2.669,2025-11-15
Texas,TX,Chambers,$2.631,2025-11-15
Texas,TX,Cherokee,$2.653,2025-11-15
Texas,TX,Childress,$2.392,2025-11-15
Texas,TX,Clay,$2.687,2025-11-15
Texas,TX,Cochran,$2.739,2025-11-15
Texas,TX,Coke,$2.789,2025-11-15
Texas,TX,Coleman,$2.665,2025-11-15
Texas,TX,Collin,$2.704,2025-11-15
Texas,TX,Collingsworth,$2.686,2025-11-15
Texas,TX,Colorado,$2.652,2025-11-15
Texas,TX,Comal,$2.544,2025-11-15
Texas,TX,Comanche,$2.673,2025-11-15
Texas,TX,Concho,$2.889,2025-11-15
Texas,TX,Cooke,$2.746,2025-11-15
Texas,TX,Coryell,$2.566,2025-11-15
Texas,TX,Cottle,$2.999,2025-11-15
Texas,TX,Crane,$2.796,2025-11-15
Texas,TX,Crockett,$2.892,2025-11-15
Texas,TX,Crosby,$2.581,2025-11-15
Texas,TX,Culberson,$2.955,2025-11-15
Texas,TX,Dallam,$2.656,2025-11-15
Texas,TX,Dallas,$2.757,2025-11-15
Texas,TX,Dawson,$2.670,2025-11-15
Texas,TX,Deaf Smith,$2.552,2025-11-15
Texas,TX,Delta,$2.749,2025-11-15
Texas,TX,Denton,$2.731,2025-11-15
Texas,TX,De Witt,$2.710,2025-11-15
Texas,TX,Dickens,$2.649,2025-11-15
Texas,TX,Dimmit,$2.690,2025-11-15
Texas,TX,Donley,$2.617,2025-11-15
Texas,TX,Duval,$2.815,2025-11-15
Texas,TX,Eastland,$2.663,2025-11-15
Texas,TX,Ector,$2.705,2025-11-15
Texas,TX,Edwards,$2.999,2025-11-15
Texas,TX,El Paso,$2.696,2025-11-15
Texas,TX,Ellis,$2.746,2025-11-15
Texas,TX,Erath,$2.700,2025-11-15
Texas,TX,Falls,$2.645,2025-11-15
Texas,TX,Fannin,$2.725,2025-11-15
Texas,TX,Fayette,$2.695,2025-11-15
Texas,TX,Fisher,$2.824,2025-11-15
Texas,TX,Floyd,$2.551,2025-11-15
Texas,TX,Foard,$2.724,2025-11-15
Texas,TX,Fort Bend,$2.529,2025-11-15
Texas,TX,Franklin,$2.669,2025-11-15
Texas,TX,Freestone,$2.662,2025-11-15
Texas,TX,Frio,$2.661,2025-11-15
Texas,TX,Gaines,$2.599,2025-11-15
Texas,TX,Galveston,$2.590,2025-11-15
Texas,TX,Garza,$2.499,2025-11-15
Texas,TX,Gillespie,$2.741,2025-11-15
Texas,TX,Glasscock,$2.916,2025-11-15
Texas,TX,Goliad,$2.696,2025-11-15
Texas,TX,Gonzales,$2.561,2025-11-15
Texas,TX,Gray,$2.479,2025-11-15
Texas,TX,Grayson,$2.603,2025-11-15
Texas,TX,Gregg,$2.583,2025-11-15
Texas,TX,Grimes,$2.695,2025-11-15
Texas,TX,Guadalupe,$2.523,2025-11-15
Texas,TX,Hale,$2.497,2025-11-15
Texas,TX,Hall,$2.629,2025-11-15
Texas,TX,Hamilton,$2.758,2025-11-15
Texas,TX,Hansford,$2.614,2025-11-15
Texas,TX,Hardeman,$2.704,2025-11-15
Texas,TX,Hardin,$2.574,2025-11-15
Texas,TX,Harris,$2.570,2025-11-15
Texas,TX,Harrison,$2.713,2025-11-15
Texas,TX,Hartley,$2.699,2025-11-15
Texas,TX,Haskell,$2.775,2025-11-15
Texas,TX,Hays,$2.601,2025-11-15
Texas,TX,Hemphill,$2.759,2025-11-15
Texas,TX,Henderson,$2.673,2025-11-15
Texas,TX,Hidalgo,$2.681,2025-11-15
Texas,TX,Hill,$2.655,2025-11-15
Texas,TX,Hockley,$2.416,2025-11-15
Texas,TX,Hood,$2.723,2025-11-15
Texas,TX,Hopkins,$2.683,2025-11-15
Texas,TX,Houston,$2.683,2025-11-15
Texas,TX,Howard,$2.636,2025-11-15
Texas,TX,Hudspeth,$3.022,2025-11-15
Texas,TX,Hunt,$2.662,2025-11-15
Texas,TX,Hutchinson,$2.554,2025-11-15
Texas,TX,Irion,$2.787,2025-11-15
Texas,TX,Jack,$2.765,2025-11-15
Texas,TX,Jackson,$2.718,2025-11-15
Texas,TX,Jasper,$2.588,2025-11-15
Texas,TX,Jeff Davis,$3.219,2025-11-15
Texas,TX,Jefferson,$2.566,2025-11-15
Texas,TX,Jim Hogg,$2.799,2025-11-15
Texas,TX,Jim Wells,$2.700,2025-11-15
Texas,TX,Johnson,$2.727,2025-11-15
Texas,TX,Jones,$2.698,2025-11-15
Texas,TX,Karnes,$2.705,2025-11-15
Texas,TX,Kaufman,$2.676,2025-11-15
Texas,TX,Kendall,$2.650,2025-11-15
Texas,TX,Kenedy,,2025-11-15
Texas,TX,Kent,$3.169,2025-11-15
Texas,TX,Kerr,$2.644,2025-11-15
Texas,TX,Kimble,$2.594,2025-11-15
Texas,TX,King,$2.899,2025-11-15
Texas,TX,Kinney,$2.699,2025-11-15
Texas,TX,Kleberg,$2.655,2025-11-15
Texas,TX,Knox,$2.859,2025-11-15
Texas,TX,La Salle,$2.756,2025-11-15
Texas,TX,Lamar,$2.591,2025-11-15
Texas,TX,Lamb,$2.625,2025-11-15
Texas,TX,Lampasas,$2.589,2025-11-15
Texas,TX,Lavaca,$2.686,2025-11-15
Texas,TX,Lee,$2.640,2025-11-15
Texas,TX,Leon,$2.709,2025-11-15
Texas,TX,Liberty,$2.646,2025-11-15
Texas,TX,Limestone,$2.676,2025-11-15
Texas,TX,Lipscomb,$2.572,2025-11-15
Texas,TX,Live Oak,$2.680,2025-11-15
Texas,TX,Llano,$2.520,2025-11-15
Texas,TX,Loving,$3.099,2025-11-15
Texas,TX,Lubbock,$2.421,2025-11-15
Texas,TX,Lynn,$2.671,2025-11-15
Texas,TX,Madison,$2.750,2025-11-15
Texas,TX,Marion,$2.569,2025-11-15
Texas,TX,Martin,$2.876,2025-11-15
Texas,TX,Mason,$2.797,2025-11-15
Texas,TX,Matagorda,$2.615,2025-11-15
Texas,TX,Maverick,$2.722,2025-11-15
Texas,TX,McCulloch,$2.923,2025-11-15
Texas,TX,McLennan,$2.639,2025-11-15
Texas,TX,McMullen,$2.534,2025-11-15
Texas,TX,Medina,$2.564,2025-11-15
Texas,TX,Menard,$2.787,2025-11-15
Texas,TX,Midland,$2.693,2025-11-15
Texas,TX,Milam,$2.553,2025-11-15
Texas,TX,Mills,$2.721,2025-11-15
Texas,TX,Mitchell,$2.685,2025-11-15
Texas,TX,Montague,$2.729,2025-11-15
Texas,TX,Montgomery,$2.562,2025-11-15
Texas,TX,Moore,$2.494,2025-11-15
Texas,TX,Morris,$2.686,2025-11-15
Texas,TX,Motley,$2.899,2025-11-15
Texas,TX,Nacogdoches,$2.628,2025-11-15
Texas,TX,Navarro,$2.779,2025-11-15
Texas,TX,Newton,$2.679,2025-11-15
Texas,TX,Nolan,$2.447,2025-11-15
Texas,TX,Nueces,$2.718,2025-11-15
Texas,TX,Ochiltree,$2.568,2025-11-15
Texas,TX,Oldham,$2.576,2025-11-15
Texas,TX,Orange,$2.499,2025-11-15
Texas,TX,Palo Pinto,$2.726,2025-11-15
Texas,TX,Panola,$2.531,2025-11-15
Texas,TX,Parker,$2.742,2025-11-15
Texas,TX,Parmer,$2.618,2025-11-15
Texas,TX,Pecos,$2.736,2025-11-15
Texas,TX,Polk,$2.627,2025-11-15
Texas,TX,Potter,$2.565,2025-11-15
Texas,TX,Presidio,$3.199,2025-11-15
Texas,TX,Rains,$2.540,2025-11-15
Texas,TX,Randall,$2.545,2025-11-15
Texas,TX,Reagan,$2.806,2025-11-15
Texas,TX,Real,$2.792,2025-11-15
Texas,TX,Red River,$2.710,2025-11-15
Texas,TX,Reeves,$2.917,2025-11-15
Texas,TX,Refugio,$2.742,2025-11-15
Texas,TX,Roberts,$2.969,2025-11-15
Texas,TX,Robertson,$2.657,2025-11-15
Texas,TX,Rockwall,$2.743,2025-11-15
Texas,TX,Runnels,$2.777,2025-11-15
Texas,TX,Rusk,$2.656,2025-11-15
Texas,TX,Sabine,$2.699,2025-11-15
Texas,TX,San Augustine,$2.681,2025-11-15
Texas,TX,San Jacinto,$2.590,2025-11-15
Texas,TX,San Patricio,$2.723,2025-11-15
Texas,TX,San Saba,$2.922,2025-11-15
Texas,TX,Schleicher,$2.719,2025-11-15
Texas,TX,Scurry,$2.542,2025-11-15
Texas,TX,Shackelford,$2.759,2025-11-15
Texas,TX,Shelby,$2.675,2025-11-15
Texas,TX,Sherman,$2.659,2025-11-15
Texas,TX,Smith,$2.561,2025-11-15
Texas,TX,Somervell,$2.679,2025-11-15
Texas,TX,Starr,$2.727,2025-11-15
Texas,TX,Stephens,$2.639,2025-11-15
Texas,TX,Sterling,$2.874,2025-11-15
Texas,TX,Stonewall,$2.799,2025-11-15
Texas,TX,Sutton,$2.720,2025-11-15
Texas,TX,Swisher,$2.674,2025-11-15
Texas,TX,Tarrant,$2.739,2025-11-15
Texas,TX,Taylor,$2.604,2025-11-15
Texas,TX,Terrell,$3.239,2025-11-15
Texas,TX,Terry,$2.659,2025-11-15
Texas,TX,Throckmorton,$2.899,2025-11-15
Texas,TX,Titus,$2.679,2025-11-15
Texas,TX,Tom Green,$2.705,2025-11-15
Texas,TX,Travis,$2.637,2025-11-15
Texas,TX,Trinity,$2.571,2025-11-15
Texas,TX,Tyler,$2.580,2025-11-15
Texas,TX,Upshur,$2.596,2025-11-15
Texas,TX,Upton,$2.916,2025-11-15
Texas,TX,Uvalde,$2.678,2025-11-15
Texas,TX,Val Verde,$2.686,2025-11-15
Texas,TX,Van Zandt,$2.650,2025-11-15
Texas,TX,Victoria,$2.665,2025-11-15
Texas,TX,Walker,$2.596,2025-11-15
Texas,TX,Waller,$2.656,2025-11-15
Texas,TX,Ward,$2.603,2025-11-15
Texas,TX,Washington,$2.599,2025-11-15
Texas,TX,Webb,$2.671,2025-11-15
Texas,TX,Wharton,$2.657,2025-11-15
Texas,TX,Wheeler,$2.699,2025-11-15
Texas,TX,Wichita,$2.541,2025-11-15
Texas,TX,Wilbarger,$2.415,2025-11-15
Texas,TX,Willacy,$2.669,2025-11-15
Texas,TX,Williamson,$2.584,2025-11-15
Texas,TX,Wilson,$2.611,2025-11-15
Texas,TX,Winkler,$2.837,2025-11-15
Texas,TX,Wise,$2.705,2025-11-15
Texas,TX,Wood,$2.588,2025-11-15
Texas,TX,Yoakum,$2.682,2025-11-15
Texas,TX,Young,$2.726,2025-11-15
Texas,TX,Zapata,$2.878,2025-11-15
Texas,TX,Zavala,$2.776,2025-11-15
Utah,UT,Beaver,$3.533,2025-11-15
Utah,UT,Box Elder,$3.113,2025-11-15
Utah,UT,Cache,$3.183,2025-11-15
Utah,UT,Carbon,$3.165,2025-11-15
Utah,UT,Daggett,$3.532,2025-11-15
Utah,UT,Davis,$3.136,2025-11-15
Utah,UT,Duchesne,$3.298,2025-11-15
Utah,UT,Emery,$3.390,2025-11-15
Utah,UT,Garfield,$3.390,2025-11-15
Utah,UT,Grand,$3.493,2025-11-15
Utah,UT,Iron,$3.289,2025-11-15
Utah,UT,Juab,$3.172,2025-11-15
Utah,UT,Kane,$3.374,2025-11-15
Utah,UT,Millard,$3.207,2025-11-15
Utah,UT,Morgan,$3.317,2025-11-15
Utah,UT,Piute,$3.579,2025-11-15
Utah,UT,Rich,$3.459,2025-11-15
Utah,UT,Salt Lake,$3.147,2025-11-15
Utah,UT,San Juan,$3.425,2025-11-15
Utah,UT,Sanpete,$3.333,2025-11-15
Utah,UT,Sevier,$3.340,2025-11-15
Utah,UT,Summit,$3.362,2025-11-15
Utah,UT,Tooele,$3.192,2025-11-15
Utah,UT,Uintah,$3.278,2025-11-15
Utah,UT,Utah,$3.124,2025-11-15
Utah,UT,Wasatch,$3.229,2025-11-15
Utah,UT,Washington,$3.346,2025-11-15
Utah,UT,Wayne,$3.488,2025-11-15
Utah,UT,Weber,$3.125,2025-11-15
Vermont,VT,Addison,$3.093,2025-11-15
Vermont,VT,Bennington,$2.964,2025-11-15
Vermont,VT,Caledonia,$3.152,2025-11-15
Vermont,VT,Chittenden,$3.192,2025-11-15
Vermont,VT,Essex,$3.233,2025-11-15
Vermont,VT,Franklin,$3.135,2025-11-15
Vermont,VT,Grand Isle,$3.221,2025-11-15
Vermont,VT,Lamoille,$3.187,2025-11-15
Vermont,VT,Orange,$3.134,2025-11-15
Vermont,VT,Orleans,$3.101,2025-11-15
Vermont,VT,Rutland,$3.007,2025-11-15
Vermont,VT,Washington,$3.176,2025-11-15
Vermont,VT,Windham,$3.041,2025-11-15
Vermont,VT,Windsor,$3.051,2025-11-15
Virginia,VA,Accomack,$3.009,2025-11-15
Virginia,VA,Albemarle,$2.949,2025-11-15
Virginia,VA,Alexandria City,$3.008,2025-11-15
Virginia,VA,Alleghany,$2.859,2025-11-15
Virginia,VA,Amelia,$2.903,2025-11-15
Virginia,VA,Amherst,$2.906,2025-11-15
Virginia,VA,Appomattox,$2.829,2025-11-15
Virginia,VA,Arlington,$2.947,2025-11-15
Virginia,VA,Augusta,$2.756,2025-11-15
Virginia,VA,Bath,$2.999,2025-11-15
Virginia,VA,Bedford,$2.829,2025-11-15
Virginia,VA,Bedford City,$2.802,2025-11-15
Virginia,VA,Bland,$2.804,2025-11-15
Virginia,VA,Botetourt,$2.890,2025-11-15
Virginia,VA,Bristol,$2.800,2025-11-15
Virginia,VA,Brunswick,$2.909,2025-11-15
Virginia,VA,Buchanan,$3.043,2025-11-15
Virginia,VA,Buckingham,$2.739,2025-11-15
Virginia,VA,Buena Vista City,$2.919,2025-11-15
Virginia,VA,Campbell,$2.776,2025-11-15
Virginia,VA,Caroline,$2.869,2025-11-15
Virginia,VA,Carroll,$2.790,2025-11-15
Virginia,VA,Charles City,$3.009,2025-11-15
Virginia,VA,Charlotte,$2.869,2025-11-15
Virginia,VA,Charlottesville City,$2.962,2025-11-15
Virginia,VA,Chesapeake City,$2.971,2025-11-15
Virginia,VA,Chesterfield,$2.947,2025-11-15
Virginia,VA,Clarke,$2.999,2025-11-15
Virginia,VA,Clifton Forge City,$2.841,2025-11-15
Virginia,VA,Colonial Heights City,$2.932,2025-11-15
Virginia,VA,Covington City,$2.786,2025-11-15
Virginia,VA,Craig,$2.879,2025-11-15
Virginia,VA,Culpeper,$2.919,2025-11-15
Virginia,VA,Cumberland,$2.761,2025-11-15
Virginia,VA,Danville City,$2.776,2025-11-15
Virginia,VA,Dickenson,$2.836,2025-11-15
Virginia,VA,Dinwiddie,$2.886,2025-11-15
Virginia,VA,Emporia City,$2.752,2025-11-15
Virginia,VA,Essex,$2.882,2025-11-15
Virginia,VA,Fairfax,$3.014,2025-11-15
Virginia,VA,Fairfax City,$2.967,2025-11-15
Virginia,VA,Falls Church City,$2.999,2025-11-15
Virginia,VA,Fauquier,$2.984,2025-11-15
Virginia,VA,Floyd,$2.849,2025-11-15
Virginia,VA,Fluvanna,$2.952,2025-11-15
Virginia,VA,Franklin,$2.796,2025-11-15
Virginia,VA,Franklin City,$2.802,2025-11-15
Virginia,VA,Frederick,$2.913,2025-11-15
Virginia,VA,Fredericksburg City,$2.960,2025-11-15
Virginia,VA,Galax City,$2.760,2025-11-15
Virginia,VA,Giles,$2.879,2025-11-15
Virginia,VA,Gloucester,$2.944,2025-11-15
Virginia,VA,Goochland,$2.903,2025-11-15
Virginia,VA,Grayson,$2.786,2025-11-15
Virginia,VA,Greene,$2.977,2025-11-15
Virginia,VA,Greensville,$2.699,2025-11-15
Virginia,VA,Halifax,$2.954,2025-11-15
Virginia,VA,Hampton City,$2.956,2025-11-15
Virginia,VA,Hanover,$2.958,2025-11-15
Virginia,VA,Harrisonburg City,$2.860,2025-11-15
Virginia,VA,Henrico,$2.950,2025-11-15
Virginia,VA,Henry,$2.840,2025-11-15
Virginia,VA,Highland,$2.999,2025-11-15
Virginia,VA,Hopewell City,$2.904,2025-11-15
Virginia,VA,Isle of Wight,$2.961,2025-11-15
Virginia,VA,James City,$2.979,2025-11-15
Virginia,VA,King and Queen,$2.839,2025-11-15
Virginia,VA,King George,$2.895,2025-11-15
Virginia,VA,King William,$2.848,2025-11-15
Virginia,VA,Lancaster,$2.958,2025-11-15
Virginia,VA,Lee,$2.848,2025-11-15
Virginia,VA,Lexington City,$3.025,2025-11-15
Virginia,VA,Loudoun,$2.960,2025-11-15
Virginia,VA,Louisa,$2.950,2025-11-15
Virginia,VA,Lunenburg,$2.837,2025-11-15
Virginia,VA,Lynchburg City,$2.817,2025-11-15
Virginia,VA,Madison,$2.992,2025-11-15
Virginia,VA,Manassas City,$2.955,2025-11-15
Virginia,VA,Manassas Park City,,2025-11-15
Virginia,VA,Martinsville City,$2.913,2025-11-15
Virginia,VA,Mathews,$2.801,2025-11-15
Virginia,VA,Mecklenburg,$2.879,2025-11-15
Virginia,VA,Middlesex,$2.835,2025-11-15
Virginia,VA,Montgomery,$2.896,2025-11-15
Virginia,VA,Nelson,$2.944,2025-11-15
Virginia,VA,New Kent,$2.900,2025-11-15
Virginia,VA,Newport News City,$2.947,2025-11-15
Virginia,VA,Norfolk City,$2.958,2025-11-15
Virginia,VA,Northampton,$3.027,2025-11-15
Virginia,VA,Northumberland,$2.960,2025-11-15
Virginia,VA,Norton City,$2.859,2025-11-15
Virginia,VA,Nottoway,$2.938,2025-11-15
Virginia,VA,Orange,$2.957,2025-11-15
Virginia,VA,Page,$2.893,2025-11-15
Virginia,VA,Patrick,$2.847,2025-11-15
Virginia,VA,Petersburg City,$2.842,2025-11-15
Virginia,VA,Pittsylvania,$2.799,2025-11-15
Virginia,VA,Poquoson City,$2.979,2025-11-15
Virginia,VA,Portsmouth City,$2.968,2025-11-15
Virginia,VA,Powhatan,$2.872,2025-11-15
Virginia,VA,Prince Edward,$2.843,2025-11-15
Virginia,VA,Prince George,$2.827,2025-11-15
Virginia,VA,Prince William,$2.909,2025-11-15
Virginia,VA,Pulaski,$2.833,2025-11-15
Virginia,VA,Radford City,$2.893,2025-11-15
Virginia,VA,Rappahannock,$2.966,2025-11-15
Virginia,VA,Richmond,$2.929,2025-11-15
Virginia,VA,Richmond City,$2.989,2025-11-15
Virginia,VA,Roanoke,$2.808,2025-11-15
Virginia,VA,Roanoke City,$2.789,2025-11-15
Virginia,VA,Rockbridge,$2.897,2025-11-15
Virginia,VA,Rockingham,$2.774,2025-11-15
Virginia,VA,Russell,$2.913,2025-11-15
Virginia,VA,Salem,$2.880,2025-11-15
Virginia,VA,Scott,$2.831,2025-11-15
Virginia,VA,Shenandoah,$2.977,2025-11-15
Virginia,VA,Smyth,$2.835,2025-11-15
Virginia,VA,Southampton,$2.764,2025-11-15
Virginia,VA,Spotsylvania,$2.923,2025-11-15
Virginia,VA,Stafford,$2.948,2025-11-15
Virginia,VA,Staunton City,$2.778,2025-11-15
Virginia,VA,Suffolk City,$2.960,2025-11-15
Virginia,VA,Surry,$2.969,2025-11-15
Virginia,VA,Sussex,$2.947,2025-11-15
Virginia,VA,Tazewell,$2.887,2025-11-15
Virginia,VA,Virginia Beach City,$2.973,2025-11-15
Virginia,VA,Warren,$2.765,2025-11-15
Virginia,VA,Washington,$2.836,2025-11-15
Virginia,VA,Waynesboro City,$2.708,2025-11-15
Virginia,VA,Westmoreland,$2.881,2025-11-15
Virginia,VA,Williamsburg City,,2025-11-15
Virginia,VA,Winchester City,$2.921,2025-11-15
Virginia,VA,Wise,$2.893,2025-11-15
Virginia,VA,Wythe,$2.751,2025-11-15
Virginia,VA,York,$2.959,2025-11-15
Washington,WA,Adams,$4.045,2025-11-15
Washington,WA,Asotin,$3.709,2025-11-15
Washington,WA,Benton,$3.883,2025-11-15
Washington,WA,Chelan,$3.993,2025-11-15
Washington,WA,Clallam,$4.260,2025-11-15
Washington,WA,Clark,$4.114,2025-11-15
Washington,WA,Columbia,$4.199,2025-11-15
Washington,WA,Cowlitz,$4.156,2025-11-15
Washington,WA,Douglas,$3.818,2025-11-15
Washington,WA,Ferry,$4.006,2025-11-15
Washington,WA,Franklin,$3.731,2025-11-15
Washington,WA,Garfield,$3.799,2025-11-15
Washington,WA,Grant,$4.276,2025-11-15
Washington,WA,Grays Harbor,$4.349,2025-11-15
Washington,WA,Island,$3.897,2025-11-15
Washington,WA,Jefferson,$4.382,2025-11-15
Washington,WA,King,$4.576,2025-11-15
Washington,WA,Kitsap,$4.214,2025-11-15
Washington,WA,Kittitas,$4.137,2025-11-15
Washington,WA,Klickitat,$4.158,2025-11-15
Washington,WA,Lewis,$4.149,2025-11-15
Washington,WA,Lincoln,$3.796,2025-11-15
Washington,WA,Mason,$4.197,2025-11-15
Washington,WA,Okanogan,$3.915,2025-11-15
Washington,WA,Pacific,$4.509,2025-11-15
Washington,WA,Pend Oreille,$4.012,2025-11-15
Washington,WA,Pierce,$4.251,2025-11-15
Washington,WA,San Juan,$5.191,2025-11-15
Washington,WA,Skagit,$3.837,2025-11-15
Washington,WA,Skamania,$4.284,2025-11-15
Washington,WA,Snohomish,$4.230,2025-11-15
Washington,WA,Spokane,$3.734,2025-11-15
Washington,WA,Stevens,$3.681,2025-11-15
Washington,WA,Thurston,$4.127,2025-11-15
Washington,WA,Wahkiakum,$4.849,2025-11-15
Washington,WA,Walla Walla,$4.061,2025-11-15
Washington,WA,Whatcom,$3.927,2025-11-15
Washington,WA,Whitman,$4.128,2025-11-15
Washington,WA,Yakima,$3.933,2025-11-15
West Virginia,WV,Barbour,$3.174,2025-11-15
West Virginia,WV,Berkeley,$3.119,2025-11-15
West Virginia,WV,Boone,$3.015,2025-11-15
West Virginia,WV,Braxton,$2.780,2025-11-15
West Virginia,WV,Brooke,$3.032,2025-11-15
West Virginia,WV,Cabell,$2.950,2025-11-15
West Virginia,WV,Calhoun,$3.001,2025-11-15
West Virginia,WV,Clay,$3.016,2025-11-15
West Virginia,WV,Doddridge,$3.213,2025-11-15
West Virginia,WV,Fayette,$3.016,2025-11-15
West Virginia,WV,Gilmer,$3.129,2025-11-15
West Virginia,WV,Grant,$3.199,2025-11-15
West Virginia,WV,Greenbrier,$2.765,2025-11-15
West Virginia,WV,Hampshire,$3.053,2025-11-15
West Virginia,WV,Hancock,$3.032,2025-11-15
West Virginia,WV,Hardy,$3.206,2025-11-15
West Virginia,WV,Harrison,$3.000,2025-11-15
West Virginia,WV,Jackson,$3.091,2025-11-15
West Virginia,WV,Jefferson,$2.969,2025-11-15
West Virginia,WV,Kanawha,$3.047,2025-11-15
West Virginia,WV,Lewis,$2.767,2025-11-15
West Virginia,WV,Lincoln,$3.073,2025-11-15
West Virginia,WV,Logan,$3.086,2025-11-15
West Virginia,WV,Marion,$3.034,2025-11-15
West Virginia,WV,Marshall,$2.790,2025-11-15
West Virginia,WV,Mason,$2.928,2025-11-15
West Virginia,WV,McDowell,$2.962,2025-11-15
West Virginia,WV,Mercer,$2.970,2025-11-15
West Virginia,WV,Mineral,$2.993,2025-11-15
West Virginia,WV,Mingo,$2.997,2025-11-15
West Virginia,WV,Monongalia,$2.966,2025-11-15
West Virginia,WV,Monroe,$3.054,2025-11-15
West Virginia,WV,Morgan,$3.029,2025-11-15
West Virginia,WV,Nicholas,$3.044,2025-11-15
West Virginia,WV,Ohio,$2.961,2025-11-15
West Virginia,WV,Pendleton,$3.271,2025-11-15
West Virginia,WV,Pleasants,$2.999,2025-11-15
West Virginia,WV,Pocahontas,$2.932,2025-11-15
West Virginia,WV,Preston,$3.162,2025-11-15
West Virginia,WV,Putnam,$3.089,2025-11-15
West Virginia,WV,Raleigh,$3.084,2025-11-15
West Virginia,WV,Randolph,$2.882,2025-11-15
West Virginia,WV,Ritchie,$3.051,2025-11-15
West Virginia,WV,Roane,$3.031,2025-11-15
West Virginia,WV,Summers,$2.936,2025-11-15
West Virginia,WV,Taylor,$2.995,2025-11-15
West Virginia,WV,Tucker,$3.199,2025-11-15
West Virginia,WV,Tyler,$3.049,2025-11-15
West Virginia,WV,Upshur,$3.112,2025-11-15
West Virginia,WV,Wayne,$2.891,2025-11-15
West Virginia,WV,Webster,$3.087,2025-11-15
West Virginia,WV,Wetzel,$2.982,2025-11-15
West Virginia,WV,Wirt,$3.099,2025-11-15
West Virginia,WV,Wood,$3.066,2025-11-15
West Virginia,WV,Wyoming,$3.027,2025-11-15
Wisconsin,WI,Adams,$2.799,2025-11-15
Wisconsin,WI,Ashland,$2.800,2025-11-15
Wisconsin,WI,Barron,$2.885,2025-11-15
Wisconsin,WI,Bayfield,$2.843,2025-11-15
Wisconsin,WI,Brown,$2.827,2025-11-15
Wisconsin,WI,Buffalo,$2.664,2025-11-15
Wisconsin,WI,Burnett,$2.775,2025-11-15
Wisconsin,WI,Calumet,$2.807,2025-11-15
Wisconsin,WI,Chippewa,$2.695,2025-11-15
Wisconsin,WI,Clark,$2.814,2025-11-15
Wisconsin,WI,Columbia,$2.785,2025-11-15
Wisconsin,WI,Crawford,$2.854,2025-11-15
Wisconsin,WI,Dane,$2.792,2025-11-15
Wisconsin,WI,Dodge,$2.786,2025-11-15
Wisconsin,WI,Door,$2.855,2025-11-15
Wisconsin,WI,Douglas,$2.670,2025-11-15
Wisconsin,WI,Dunn,$2.757,2025-11-15
Wisconsin,WI,Eau Claire,$2.671,2025-11-15
Wisconsin,WI,Florence,$2.959,2025-11-15
Wisconsin,WI,Fond du Lac,$2.777,2025-11-15
Wisconsin,WI,Forest,$2.863,2025-11-15
Wisconsin,WI,Grant,$2.916,2025-11-15
Wisconsin,WI,Green,$2.935,2025-11-15
Wisconsin,WI,Green Lake,$2.797,2025-11-15
Wisconsin,WI,Iowa,$2.918,2025-11-15
Wisconsin,WI,Iron,$2.988,2025-11-15
Wisconsin,WI,Jackson,$2.752,2025-11-15
Wisconsin,WI,Jefferson,$2.913,2025-11-15
Wisconsin,WI,Juneau,$2.781,2025-11-15
Wisconsin,WI,Kenosha,$2.802,2025-11-15
Wisconsin,WI,Kewaunee,$2.846,2025-11-15
Wisconsin,WI,La Crosse,$2.770,2025-11-15
Wisconsin,WI,Lafayette,$2.949,2025-11-15
Wisconsin,WI,Langlade,$2.886,2025-11-15
Wisconsin,WI,Lincoln,$2.814,2025-11-15
Wisconsin,WI,Manitowoc,$2.837,2025-11-15
Wisconsin,WI,Marathon,$2.803,2025-11-15
Wisconsin,WI,Marinette,$2.814,2025-11-15
Wisconsin,WI,Marquette,$2.799,2025-11-15
Wisconsin,WI,Menominee,$2.749,2025-11-15
Wisconsin,WI,Milwaukee,$2.780,2025-11-15
Wisconsin,WI,Monroe,$2.888,2025-11-15
Wisconsin,WI,Oconto,$2.906,2025-11-15
Wisconsin,WI,Oneida,$2.917,2025-11-15
Wisconsin,WI,Outagamie,$2.749,2025-11-15
Wisconsin,WI,Ozaukee,$2.850,2025-11-15
Wisconsin,WI,Pepin,$2.693,2025-11-15
Wisconsin,WI,Pierce,$2.842,2025-11-15
Wisconsin,WI,Polk,$2.775,2025-11-15
Wisconsin,WI,Portage,$2.828,2025-11-15
Wisconsin,WI,Price,$2.835,2025-11-15
Wisconsin,WI,Racine,$2.774,2025-11-15
Wisconsin,WI,Richland,$2.873,2025-11-15
Wisconsin,WI,Rock,$2.722,2025-11-15
Wisconsin,WI,Rusk,$2.805,2025-11-15
Wisconsin,WI,Sauk,$2.754,2025-11-15
Wisconsin,WI,Sawyer,$2.888,2025-11-15
Wisconsin,WI,Shawano,$2.774,2025-11-15
Wisconsin,WI,Sheboygan,$2.818,2025-11-15
Wisconsin,WI,Saint Croix,$2.825,2025-11-15
Wisconsin,WI,Taylor,$2.818,2025-11-15
Wisconsin,WI,Trempealeau,$2.698,2025-11-15
Wisconsin,WI,Vernon,$2.862,2025-11-15
Wisconsin,WI,Vilas,$2.921,2025-11-15
Wisconsin,WI,Walworth,$2.867,2025-11-15
Wisconsin,WI,Washburn,$2.864,2025-11-15
Wisconsin,WI,Washington,$2.796,2025-11-15
Wisconsin,WI,Waukesha,$2.742,2025-11-15
Wisconsin,WI,Waupaca,$2.799,2025-11-15
Wisconsin,WI,Waushara,$2.815,2025-11-15
Wisconsin,WI,Winnebago,$2.723,2025-11-15
Wisconsin,WI,Wood,$2.755,2025-11-15
Wyoming,WY,Albany,$2.837,2025-11-15
Wyoming,WY,Big Horn,$2.997,2025-11-15
Wyoming,WY,Campbell,$2.904,2025-11-15
Wyoming,WY,Carbon,$2.919,2025-11-15
Wyoming,WY,Converse,$2.603,2025-11-15
Wyoming,WY,Crook,$2.948,2025-11-15
Wyoming,WY,Fremont,$3.127,2025-11-15
Wyoming,WY,Goshen,$2.928,2025-11-15
Wyoming,WY,Hot Springs,$3.122,2025-11-15
Wyoming,WY,Johnson,$2.800,2025-11-15
Wyoming,WY,Laramie,$2.745,2025-11-15
Wyoming,WY,Lincoln,$3.251,2025-11-15
Wyoming,WY,Natrona,$2.457,2025-11-15
Wyoming,WY,Niobrara,$3.079,2025-11-15
Wyoming,WY,Park,$3.234,2025-11-15
Wyoming,WY,Platte,$3.024,2025-11-15
Wyoming,WY,Sheridan,$3.010,2025-11-15
Wyoming,WY,Sublette,$3.128,2025-11-15
Wyoming,WY,Sweetwater,$2.899,2025-11-15
Wyoming,WY,Teton,$3.426,2025-11-15
Wyoming,WY,Uinta,$2.996,2025-11-15
Wyoming,WY,Washakie,$2.796,2025-11-15
Wyoming,WY,Weston,$2.870,2025-11-15
